PRAGMA foreign_keys=OFF;
BEGIN TRANSACTION;
CREATE TABLE items (
  id            TEXT PRIMARY KEY,
  name          TEXT NOT NULL,
  unit          TEXT NOT NULL,
  spec          TEXT,
  temp_zone     TEXT CHECK (temp_zone IN ('ambient','chilled','frozen')) NOT NULL DEFAULT 'ambient',
  is_active     INTEGER NOT NULL DEFAULT 1
);
INSERT INTO items VALUES('001001','無洗米　30kg単位','袋','袋＝30kg','ambient',1);
INSERT INTO items VALUES('001018','パックライス200g10食　沖縄4P単位','P','10個入/P　200ｇ','chilled',1);
INSERT INTO items VALUES('002007','牛ロース','kg',NULL,'frozen',1);
INSERT INTO items VALUES('002009','豚バラ','kg','沖縄10kg単位','frozen',1);
INSERT INTO items VALUES('002012','牛ミノ　500ｇ','P','沖縄500ｇ/P×20','frozen',1);
INSERT INTO items VALUES('002015','ヤングカルビ（1kg単位）','kg',NULL,'frozen',1);
INSERT INTO items VALUES('002019','豚トロ','kg','沖縄10kg単位','frozen',1);
INSERT INTO items VALUES('002029','レバー','kg','100g/P','frozen',1);
INSERT INTO items VALUES('002075','肉付ヤゲン','kg','沖縄12kg単位','frozen',1);
INSERT INTO items VALUES('002340','鶏モモ角　2kg/P','P','2kg/P','frozen',1);
INSERT INTO items VALUES('002341','セセリ　500g','P','500g/P ﾀｲ産 沖縄20P','frozen',1);
INSERT INTO items VALUES('002356','新安安カルビ','kg','10kg単位発注','frozen',1);
INSERT INTO items VALUES('002365','牛シマ腸カット500g','P','500g/P','frozen',1);
INSERT INTO items VALUES('002397','やわらか旨豚ホルモン','kg','沖縄5kg単位','frozen',1);
INSERT INTO items VALUES('002455','Ｖカルビ','kg',NULL,'frozen',1);
INSERT INTO items VALUES('002460','牛ハラミ（NZ）','kg','沖縄10kg単位','frozen',1);
INSERT INTO items VALUES('002501','新牛タン（EU産）自社','kg',NULL,'frozen',1);
INSERT INTO items VALUES('002586','テイクアウト用豚ホルモン','P','500g','frozen',1);
INSERT INTO items VALUES('002590','とろカルビ','kg',NULL,'frozen',1);
INSERT INTO items VALUES('002625','スープクッパ肉1Kg','P','1ｋｇ＝Ｐ','frozen',1);
INSERT INTO items VALUES('002654','Vハラミ　富士達','kg','1ｋｇ/袋','frozen',1);
INSERT INTO items VALUES('002677','牛厚切り牛タン10ｍｍ　500ｇ','P','500ｇ/P','frozen',1);
INSERT INTO items VALUES('002703','中落カルビ　タレ無','kg','1ｋｇ/P','frozen',1);
INSERT INTO items VALUES('002711','ねぎ塩厚切り豚タン　富士達','kg',NULL,'frozen',1);
INSERT INTO items VALUES('003045','和牛切り落とし','kg',NULL,'frozen',1);
INSERT INTO items VALUES('003050','新和牛カルビ500g（冷凍）','P',NULL,'frozen',1);
INSERT INTO items VALUES('004044','冷凍荒挽きウインナー','P','500g/P 沖縄20P単位','frozen',1);
INSERT INTO items VALUES('011004','固形炭','c/s','10CS以上2CS単位','ambient',1);
INSERT INTO items VALUES('015001','スーパードライ１９Ｌ樽','樽',NULL,'ambient',1);
INSERT INTO items VALUES('016019','樽ハイ　ドライ','樽',NULL,'ambient',1);
INSERT INTO items VALUES('016035','ゆずシロップ','本',NULL,'chilled',1);
INSERT INTO items VALUES('016048','レモンベース','本','1000ml','chilled',1);
INSERT INTO items VALUES('017005','A 焼酎 大五郎 P 25°','本','2.7L','ambient',1);
INSERT INTO items VALUES('017011','ニッカ 果実の酒 梅酒','本',NULL,'ambient',1);
INSERT INTO items VALUES('020018','玉子ＭＳ','P','10個/P','chilled',1);
INSERT INTO items VALUES('020084','もやしナムル','P','沖縄15P単位','chilled',1);
INSERT INTO items VALUES('020090','むきニンニク','P','1kg/P','chilled',1);
INSERT INTO items VALUES('020187','生椎茸','P','100g/P=8枚','chilled',1);
INSERT INTO items VALUES('020207','エリンギ　250ｇ','P','250g/P','chilled',1);
INSERT INTO items VALUES('020301','サンチュ','P','10枚/P','chilled',1);
INSERT INTO items VALUES('020302','サニーレタス1kg','kg','5束/kg','chilled',1);
INSERT INTO items VALUES('020332','キャベツ','c/s','10kg/CS','ambient',1);
INSERT INTO items VALUES('020345','長ねぎ　5kg','c/s','5kg/CS','ambient',1);
INSERT INTO items VALUES('020355','白髪ネギ300g','P',NULL,'chilled',1);
INSERT INTO items VALUES('020382','長ねぎ葉付き','P','1kg/P','chilled',1);
INSERT INTO items VALUES('802290','ロース 自社','kg',NULL,'frozen',1);
INSERT INTO items VALUES('802760','ロープミート 自社','kg',NULL,'frozen',1);
INSERT INTO items VALUES('802232','豚バラ 自社','kg',NULL,'frozen',1);
INSERT INTO items VALUES('802719','豚バラスライス（自社） 自社','kg',NULL,'frozen',1);
INSERT INTO items VALUES('802189','US ヤングカルビ 自社','kg',NULL,'frozen',1);
INSERT INTO items VALUES('802734','ショートプレート','kg',NULL,'frozen',1);
INSERT INTO items VALUES('802113','豚トロスライス 自社','kg','1kg','frozen',1);
INSERT INTO items VALUES('802720','豚トロスライス（自社） 自社','kg',NULL,'frozen',1);
INSERT INTO items VALUES('802415','US 新安安カルビ 自社','kg',NULL,'frozen',1);
INSERT INTO items VALUES('802508','Ｖカルビ 自社','kg',NULL,'frozen',1);
INSERT INTO items VALUES('802612','新牛タン（EU産）自社 自社','kg',NULL,'frozen',1);
INSERT INTO items VALUES('802761','牛むきタン','kg',NULL,'frozen',1);
INSERT INTO items VALUES('802737','スープクッパ肉1Kg 自社','P','1ｋｇ＝Ｐ','frozen',1);
INSERT INTO items VALUES('802771','Vハラミ 自社','kg','1ｋｇ/袋','frozen',1);
INSERT INTO items VALUES('802811','ねぎ塩厚切り豚タン 自社','kg','1ｋｇ＝P','frozen',1);
INSERT INTO items VALUES('803093','和牛切り落とし 自社','kg',NULL,'frozen',1);
INSERT INTO items VALUES('803110','新和牛カルビ500g（冷凍）自社','P',NULL,'frozen',1);
INSERT INTO items VALUES('502136','やわらか旨豚ホルモン','kg','5kg/CS','frozen',1);
INSERT INTO items VALUES('502242','牛ミノカットF','P','500g/PＸ10P入＝CS','frozen',1);
INSERT INTO items VALUES('502138','牛レバーカット1kg','P','100g×10食×10袋','frozen',1);
INSERT INTO items VALUES('502133','US 牛シマ腸カット500g','P','500g×20P','frozen',1);
INSERT INTO items VALUES('502139','US 牛シマ腸カット500g','P','500g×20P','frozen',1);
INSERT INTO items VALUES('502201','コンシューマ 牛シマ腸カット500g','P','500g×20P','frozen',1);
INSERT INTO items VALUES('502208','味付けカルビ','kg','10kg','frozen',1);
INSERT INTO items VALUES('502163','やわらか牛ハラミ','kg','NZ産 10kg/CS','frozen',1);
INSERT INTO items VALUES('502202','コンシューマ豚ホルモンカット500g','P','500g×20P','frozen',1);
INSERT INTO items VALUES('502251','中落カルビ タレ無','kg','1ｋｇ/P','frozen',1);
INSERT INTO items VALUES('503016','和牛カルビ500ｇ','P','500ｇ/PＸ15P入＝箱','frozen',1);
INSERT INTO items VALUES('502082','MX 豚バラスライス CS','kg','10kg/CS','frozen',1);
INSERT INTO items VALUES('502169','MX 皮なし豚バラ','kg','10kg/CS','frozen',1);
INSERT INTO items VALUES('502199','MX 豚バラスライス','kg',NULL,'frozen',1);
INSERT INTO items VALUES('502059','MX 豚トロスライス CS','kg','10kg','frozen',1);
INSERT INTO items VALUES('502198','MX 豚トロスライス','kg',NULL,'frozen',1);
INSERT INTO items VALUES('502226','US 牛シマ腸カット500g','P','500g×20P','frozen',1);
INSERT INTO items VALUES('502215','USヤングカルビ2.5ｍｍ','kg',NULL,'frozen',1);
INSERT INTO items VALUES('504019','JP 冷凍荒挽きウインナー CS','P','500g×20P','frozen',1);
INSERT INTO items VALUES('504044','JP 冷凍荒挽きウインナー','P','500g/P','frozen',1);
INSERT INTO items VALUES('502118','TH ハラミ付きヤゲン','kg','タイ産 1kg×10P','frozen',1);
INSERT INTO items VALUES('502166','BR ハラミ付きヤゲン','kg','ﾌﾞﾗｼﾞﾙ産 1kg×12P','frozen',1);
INSERT INTO items VALUES('502179','ヤゲン軟骨','kg',NULL,'frozen',1);
INSERT INTO items VALUES('502240','鶏もも 2kg/P','kg','2kg/P','frozen',1);
INSERT INTO items VALUES('502092','TH セセリ 500g','P','500g/P×20 タイ産','frozen',1);
INSERT INTO items VALUES('502181','セセリ500g スポット品','P','500g/P','frozen',1);
INSERT INTO items VALUES('502102','上ミノカット500g','P',NULL,'frozen',1);
INSERT INTO items VALUES('502174','上ミノカット500g','P','豪州産 10P/CS','frozen',1);
INSERT INTO items VALUES('502109','US 牛シマ腸カット500g','P','500g/P 10P単位','frozen',1);
INSERT INTO items VALUES('502159','MX 豚トロスライス','kg','10kg/CS','frozen',1);
INSERT INTO items VALUES('502206','牛ミノカット５００ｇ','P','500g×20P','frozen',1);
INSERT INTO items VALUES('502173','豚トロ','kg','12kg/CS','frozen',1);
INSERT INTO items VALUES('502221','牛タンスライス','kg',NULL,'frozen',1);
INSERT INTO items VALUES('502241','リブステーキカット','kg',NULL,'frozen',1);
INSERT INTO items VALUES('502237','ヤングカルビ','kg','1ｋｇ/P','frozen',1);
INSERT INTO items VALUES('502238','牛タンスライス1ｋｇ','kg','1ｋｇ/P','frozen',1);
INSERT INTO items VALUES('502203','とろカルビ','kg',NULL,'frozen',1);
INSERT INTO items VALUES('502216','とろカルビ2ｋｇ','kg','2ｋｇ/P','frozen',1);
INSERT INTO items VALUES('502243','牛厚切り牛タン10ｍｍ 500ｇ','P','500ｇ/P','frozen',1);
INSERT INTO items VALUES('502220','ヤングカルビ','kg','1ｋｇ/P','frozen',1);
INSERT INTO items VALUES('502228','豚トロ','kg',NULL,'frozen',1);
INSERT INTO items VALUES('504051','香燻粗挽きウインナー','P','500g/P','frozen',1);
INSERT INTO items VALUES('502205','牛シマ腸カット500g','P','500g×12P','frozen',1);
INSERT INTO items VALUES('520961','玉子ＭＳ','個','20P/CS','chilled',1);
INSERT INTO items VALUES('520021','玉子','個',NULL,'chilled',1);
INSERT INTO items VALUES('520146','むきニンニク','P','1kg/P','chilled',1);
INSERT INTO items VALUES('520150','生椎茸','P','100g/P=8枚','chilled',1);
INSERT INTO items VALUES('520173','生椎茸 中国産','P','8枚/P','chilled',1);
INSERT INTO items VALUES('520037','エリンギ 250ｇ','P','250g/P','chilled',1);
INSERT INTO items VALUES('520130','サンチュ','P','10枚/P','chilled',1);
INSERT INTO items VALUES('520136','グリーンリーフ','束','200g/束','chilled',1);
INSERT INTO items VALUES('520189','サニーレタス1kg','束','5束/kg','chilled',1);
INSERT INTO items VALUES('520101','キャベツ中国産','kg','10kg/CS','chilled',1);
INSERT INTO items VALUES('520137','キャベツ','kg','10kg/CS','chilled',1);
INSERT INTO items VALUES('520153','長ねぎ 5kg','kg','5kg/CS','ambient',1);
INSERT INTO items VALUES('520195','白髪ネギ300g','P',NULL,'chilled',1);
INSERT INTO items VALUES('520190','長ねぎ葉付き','P','1kg/P','chilled',1);
INSERT INTO items VALUES('520007','むきニンニク LY','P','1kg/P','chilled',1);
INSERT INTO items VALUES('520000','サンチュ LY','P','10枚/P','chilled',1);
INSERT INTO items VALUES('520002','サニーレタス1kg LY','束','5束/kg','chilled',1);
INSERT INTO items VALUES('520003','キャベツ LY','kg','10kg/CS','chilled',1);
INSERT INTO items VALUES('520009','長ねぎ 5kg LY','kg','5kg/CS','ambient',1);
INSERT INTO items VALUES('520008','長ねぎ葉付き LY','P','1kg/P','chilled',1);
INSERT INTO items VALUES('501002','パックライス200g10食','食','10個入/P 200ｇ','chilled',1);
INSERT INTO items VALUES('505076','もやしナムル','kg','1kg×15','chilled',1);
INSERT INTO items VALUES('516034','ゆずエード 12本/CS','本','12本/CS','ambient',1);
INSERT INTO items VALUES('516044','レモンベース','本','1000ml×12','chilled',1);
CREATE TABLE item_prices (
  id           INTEGER PRIMARY KEY AUTOINCREMENT,
  vendor_id    TEXT NOT NULL,
  item_id      TEXT NOT NULL,
  unit_price   REAL NOT NULL,
  valid_from   TEXT NOT NULL,      -- YYYY-MM-DD
  valid_to     TEXT,               -- NULL=現行
  UNIQUE(vendor_id, item_id, valid_from)
);
INSERT INTO item_prices VALUES(16,'100011','001001',22200.0,'2025-01-01','2025-10-31');
INSERT INTO item_prices VALUES(17,'100011','001001',24600.0,'2025-11-01',NULL);
INSERT INTO item_prices VALUES(18,'600502','015001',8919.0,'2025-01-01',NULL);
INSERT INTO item_prices VALUES(19,'600502','016019',4875.0,'2025-01-01',NULL);
INSERT INTO item_prices VALUES(20,'600502','017005',1480.0,'2025-01-01',NULL);
INSERT INTO item_prices VALUES(21,'600502','017011',1315.0,'2025-01-01',NULL);
INSERT INTO item_prices VALUES(22,'600510','016019',6938.0,'2025-01-01',NULL);
INSERT INTO item_prices VALUES(23,'700004','011004',750.0,'2025-01-01',NULL);
INSERT INTO item_prices VALUES(24,'700021','011004',960.0,'2025-01-01',NULL);
INSERT INTO item_prices VALUES(25,'888888','001018',1231.0,'2025-01-01',NULL);
INSERT INTO item_prices VALUES(26,'888888','002007',735.0,'2025-01-01',NULL);
INSERT INTO item_prices VALUES(27,'888888','002009',821.0,'2025-01-01',NULL);
INSERT INTO item_prices VALUES(28,'888888','002012',1056.0,'2025-01-01',NULL);
INSERT INTO item_prices VALUES(29,'888888','002015',1100.0,'2025-01-01',NULL);
INSERT INTO item_prices VALUES(30,'888888','002019',1205.0,'2025-01-01',NULL);
INSERT INTO item_prices VALUES(31,'888888','002029',1194.0,'2025-01-01',NULL);
INSERT INTO item_prices VALUES(32,'888888','002075',700.0,'2025-01-01',NULL);
INSERT INTO item_prices VALUES(33,'888888','002340',924.0,'2025-01-01',NULL);
INSERT INTO item_prices VALUES(34,'888888','002341',390.0,'2025-01-01',NULL);
INSERT INTO item_prices VALUES(35,'888888','002356',1680.0,'2025-01-01',NULL);
INSERT INTO item_prices VALUES(36,'888888','002365',552.5,'2025-01-01',NULL);
INSERT INTO item_prices VALUES(37,'888888','002397',792.0,'2025-01-01',NULL);
INSERT INTO item_prices VALUES(38,'888888','002455',1315.0,'2025-01-01',NULL);
INSERT INTO item_prices VALUES(39,'888888','002460',1085.0,'2025-01-01',NULL);
INSERT INTO item_prices VALUES(40,'888888','002501',2286.0,'2025-01-01',NULL);
INSERT INTO item_prices VALUES(41,'888888','002586',494.0,'2025-01-01',NULL);
INSERT INTO item_prices VALUES(42,'888888','002590',1274.0,'2025-01-01',NULL);
INSERT INTO item_prices VALUES(43,'888888','002625',327.0,'2025-01-01',NULL);
INSERT INTO item_prices VALUES(44,'888888','002654',1027.0,'2025-01-01',NULL);
INSERT INTO item_prices VALUES(45,'888888','002677',1527.0,'2025-01-01',NULL);
INSERT INTO item_prices VALUES(46,'888888','002703',1521.0,'2025-01-01',NULL);
INSERT INTO item_prices VALUES(47,'888888','002711',932.0,'2025-01-01',NULL);
INSERT INTO item_prices VALUES(48,'888888','003045',382.0,'2025-01-01',NULL);
INSERT INTO item_prices VALUES(49,'888888','003050',1895.0,'2025-01-01',NULL);
INSERT INTO item_prices VALUES(50,'888888','004044',497.0,'2025-01-01',NULL);
INSERT INTO item_prices VALUES(51,'888888','016035',777.0,'2025-01-01',NULL);
INSERT INTO item_prices VALUES(52,'888888','016048',456.0,'2025-01-01',NULL);
INSERT INTO item_prices VALUES(53,'888888','020018',170.0,'2025-01-01',NULL);
INSERT INTO item_prices VALUES(54,'888888','020084',283.0,'2025-01-01',NULL);
INSERT INTO item_prices VALUES(55,'888888','020090',330.0,'2025-01-01',NULL);
INSERT INTO item_prices VALUES(56,'888888','020187',122.0,'2025-01-01',NULL);
INSERT INTO item_prices VALUES(57,'888888','020207',209.0,'2025-01-01',NULL);
INSERT INTO item_prices VALUES(58,'888888','020301',219.0,'2025-01-01',NULL);
INSERT INTO item_prices VALUES(59,'888888','020302',292.0,'2025-01-01',NULL);
INSERT INTO item_prices VALUES(60,'888888','020332',1752.0,'2025-01-01',NULL);
INSERT INTO item_prices VALUES(61,'888888','020345',1680.0,'2025-01-01',NULL);
INSERT INTO item_prices VALUES(62,'888888','020355',230.0,'2025-01-01',NULL);
INSERT INTO item_prices VALUES(63,'888888','020382',319.0,'2025-01-01',NULL);
CREATE TABLE stores (
  id   TEXT PRIMARY KEY,
  code TEXT NOT NULL UNIQUE,
  name TEXT NOT NULL
, is_active INTEGER NOT NULL DEFAULT 1);
INSERT INTO stores VALUES('0001','0001','渋谷店',0);
INSERT INTO stores VALUES('0002','0002','横浜西口店',1);
INSERT INTO stores VALUES('0003','0003','伊勢佐木町店',1);
INSERT INTO stores VALUES('0004','0004','新横浜店',1);
CREATE TABLE vendors (
  id   TEXT PRIMARY KEY,
  name TEXT NOT NULL
);
INSERT INTO vendors VALUES('100011','米ベンダー');
INSERT INTO vendors VALUES('600502','酒販ベンダーA');
INSERT INTO vendors VALUES('600510','酒販ベンダーB');
INSERT INTO vendors VALUES('700004','炭ベンダーA');
INSERT INTO vendors VALUES('700021','炭ベンダーB');
INSERT INTO vendors VALUES('888888','物流センター');
INSERT INTO vendors VALUES('000898','加工センター');
INSERT INTO vendors VALUES('200003','食肉ベンダーA');
INSERT INTO vendors VALUES('200005','食肉ベンダーB');
INSERT INTO vendors VALUES('200013','食肉ベンダーC');
INSERT INTO vendors VALUES('200025','食肉ベンダーD');
INSERT INTO vendors VALUES('200028','食肉ベンダーE');
INSERT INTO vendors VALUES('200029','食肉ベンダーF');
INSERT INTO vendors VALUES('200035','食肉ベンダーG');
INSERT INTO vendors VALUES('200037','食肉ベンダーH');
INSERT INTO vendors VALUES('200039','食肉ベンダーI');
INSERT INTO vendors VALUES('200043','食肉ベンダーJ');
INSERT INTO vendors VALUES('200050','食肉ベンダーK');
INSERT INTO vendors VALUES('200057','食肉ベンダーL');
INSERT INTO vendors VALUES('200503','食肉ベンダーM');
INSERT INTO vendors VALUES('300001','青果ベンダーA');
INSERT INTO vendors VALUES('300012','青果ベンダーB');
INSERT INTO vendors VALUES('300018','青果ベンダーC');
INSERT INTO vendors VALUES('400503','惣菜ベンダーA');
INSERT INTO vendors VALUES('400510','惣菜ベンダーB');
INSERT INTO vendors VALUES('600006','飲料ベンダーA');
CREATE TABLE orders (
  id TEXT PRIMARY KEY,
  store_id TEXT NOT NULL,
  vendor_id TEXT,
  vendor_mode TEXT NOT NULL,
  order_date TEXT NOT NULL,
  expected_arrival_date TEXT,
  subtotal INTEGER NOT NULL,
  tax INTEGER NOT NULL,
  total INTEGER NOT NULL,
  tax_rate REAL NOT NULL,
  created_at TEXT NOT NULL DEFAULT (datetime('now')),
  updated_at TEXT NOT NULL DEFAULT (datetime('now'))
);
INSERT INTO orders VALUES('O2025-10-30-4850d473','0002',NULL,'all','2025-10-30','2025-10-30',33100,3310,36410,0.1000000000000000055,'2025-10-30T04:06:14.901Z','2025-10-30T04:06:14.901Z');
INSERT INTO orders VALUES('O2025-11-02-a4b63be9','0002',NULL,'all','2025-11-02',NULL,10150,1015,11165,0.1000000000000000055,'2025-11-02T06:24:29.085Z','2025-11-02T06:24:29.085Z');
INSERT INTO orders VALUES('O2025-11-04-3eafbc8f','0002',NULL,'all','2025-11-04',NULL,102749,10275,113024,0.1000000000000000055,'2025-11-04T02:24:21.575Z','2025-11-04T02:24:21.575Z');
INSERT INTO orders VALUES('O2025-11-04-8a32c6c0','0003',NULL,'all','2025-11-04',NULL,2716,272,2988,0.1000000000000000055,'2025-11-04T08:45:31.813Z','2025-11-04T08:45:31.813Z');
INSERT INTO orders VALUES('O2025-11-04-1c2ce07c','0004',NULL,'all','2025-11-04',NULL,19528,1953,21481,0.1000000000000000055,'2025-11-04T08:45:55.398Z','2025-11-04T08:45:55.398Z');
INSERT INTO orders VALUES('O2025-11-09-bdbbbe02','0002',NULL,'all','2025-11-09',NULL,11955,1196,13151,0.1000000000000000055,'2025-11-08T16:33:32.474Z','2025-11-08T16:33:32.474Z');
INSERT INTO orders VALUES('O2025-11-09-9762cda6','0003',NULL,'all','2025-11-09',NULL,1231,123,1354,0.1000000000000000055,'2025-11-08T16:34:17.670Z','2025-11-08T16:34:17.670Z');
INSERT INTO orders VALUES('O2025-11-09-12d38b81','0004',NULL,'all','2025-11-09',NULL,10885,1089,11974,0.1000000000000000055,'2025-11-08T16:34:58.896Z','2025-11-08T16:34:58.896Z');
INSERT INTO orders VALUES('O2025-11-11-7f7c213f','0002',NULL,'all','2025-11-11',NULL,60293.5,6029,66322.5,0.1000000000000000055,'2025-11-11T03:48:22.690Z','2025-11-11T04:01:55.426Z');
INSERT INTO orders VALUES('O2025-11-11-a37fe4f6','0003',NULL,'all','2025-11-11',NULL,35537.5,3554,39091.5,0.1000000000000000055,'2025-11-11T03:48:49.183Z','2025-11-11T04:02:13.435Z');
INSERT INTO orders VALUES('O2025-11-11-e3191852','0004',NULL,'all','2025-11-11',NULL,77959.5,7796,85755.5,0.1000000000000000055,'2025-11-11T03:49:23.053Z','2025-11-11T04:02:28.544Z');
INSERT INTO orders VALUES('O2025-11-14-39a5cb8f','0004',NULL,'all','2025-11-14',NULL,28440,2844,31284,0.1000000000000000055,'2025-11-13T22:30:47.459Z','2025-11-13T22:30:47.459Z');
INSERT INTO orders VALUES('O2025-11-16-5be359c1','0002',NULL,'all','2025-11-16',NULL,53432,5343,58775,0.1000000000000000055,'2025-11-15T19:02:58.047Z','2025-11-15T19:02:58.047Z');
INSERT INTO orders VALUES('O2025-11-16-46d880b6','0003',NULL,'all','2025-11-16',NULL,12791,1279,14070,0.1000000000000000055,'2025-11-15T23:28:52.959Z','2025-11-16T16:13:00.750Z');
INSERT INTO orders VALUES('O2025-11-16-e0f74322','0004',NULL,'all','2025-11-16',NULL,17343,1734,19077,0.1000000000000000055,'2025-11-15T23:29:12.900Z','2025-11-16T16:13:26.989Z');
INSERT INTO orders VALUES('O2025-11-17-9e197a54','0002',NULL,'all','2025-11-17',NULL,123000,12300,135300,0.1000000000000000055,'2025-11-17T02:42:12.728Z','2025-11-17T02:42:12.728Z');
INSERT INTO orders VALUES('O2025-11-17-4175680e','0003',NULL,'all','2025-11-17',NULL,185911,18591,204502,0.1000000000000000055,'2025-11-17T02:42:53.986Z','2025-11-17T02:42:53.986Z');
INSERT INTO orders VALUES('O2025-11-17-595e8406','0004',NULL,'all','2025-11-17',NULL,147600,14760,162360,0.1000000000000000055,'2025-11-17T02:43:11.954Z','2025-11-17T02:43:11.954Z');
INSERT INTO orders VALUES('O2025-11-18-8ff45bda','0002',NULL,'all','2025-11-18',NULL,92227,9223,101450,0.1000000000000000055,'2025-11-18T08:17:30.934Z','2025-11-18T08:19:39.429Z');
INSERT INTO orders VALUES('O2025-11-18-edc094bc','0003',NULL,'all','2025-11-18',NULL,15399,1540,16939,0.1000000000000000055,'2025-11-18T08:18:10.145Z','2025-11-18T08:18:10.145Z');
INSERT INTO orders VALUES('O2025-11-18-33c92ed9','0004',NULL,'all','2025-11-18',NULL,78396.5,7840,86236.5,0.1000000000000000055,'2025-11-18T08:18:48.356Z','2025-11-18T08:18:48.356Z');
INSERT INTO orders VALUES('O2025-11-19-686542a8','0002',NULL,'all','2025-11-19',NULL,123000,12300,135300,0.1000000000000000055,'2025-11-18T22:54:37.066Z','2025-11-18T22:54:37.066Z');
INSERT INTO orders VALUES('O2025-11-19-303aa085','0003',NULL,'all','2025-11-19',NULL,34999,3500,38499,0.1000000000000000055,'2025-11-18T22:55:02.952Z','2025-11-19T00:10:17.900Z');
INSERT INTO orders VALUES('O2025-11-19-077e3f9f','0004',NULL,'all','2025-11-19',NULL,147600,14760,162360,0.1000000000000000055,'2025-11-18T22:55:16.960Z','2025-11-18T22:55:16.960Z');
INSERT INTO orders VALUES('O2025-11-21-d4328255','0002',NULL,'all','2025-11-20',NULL,50624.5,5062,55686.5,0.1000000000000000055,'2025-11-20T17:36:17.007Z','2025-11-20T17:36:17.007Z');
INSERT INTO orders VALUES('O2025-11-21-d474ca36','0003',NULL,'all','2025-11-20',NULL,33287.5,3329,36616.5,0.1000000000000000055,'2025-11-20T17:36:41.209Z','2025-11-20T17:36:41.209Z');
INSERT INTO orders VALUES('O2025-11-21-b6b1dcf9','0004',NULL,'all','2025-11-20',NULL,50242.5,5024,55266.5,0.1000000000000000055,'2025-11-20T17:37:05.559Z','2025-11-20T17:37:05.559Z');
INSERT INTO orders VALUES('O2025-11-26-266319aa','0002',NULL,'all','2025-11-26',NULL,123000,12300,135300,0.1000000000000000055,'2025-11-26T00:55:23.432Z','2025-11-26T00:55:23.432Z');
INSERT INTO orders VALUES('O2025-11-26-0fe81014','0003',NULL,'all','2025-11-26',NULL,259562,25956,285518,0.1000000000000000055,'2025-11-26T00:55:59.608Z','2025-11-26T00:55:59.608Z');
INSERT INTO orders VALUES('O2025-11-26-20d0d5e9','0004',NULL,'all','2025-11-26',NULL,196800,19680,216480,0.1000000000000000055,'2025-11-26T00:56:12.744Z','2025-11-26T00:56:12.744Z');
INSERT INTO orders VALUES('O2025-11-27-8f132609','0002',NULL,'all','2025-11-27',NULL,50624.5,5062,55686.5,0.1000000000000000055,'2025-11-26T23:28:40.332Z','2025-11-27T15:32:15.373Z');
INSERT INTO orders VALUES('O2025-11-27-6ccb0d25','0003',NULL,'all','2025-11-27',NULL,33287.5,3329,36616.5,0.1000000000000000055,'2025-11-26T23:36:39.240Z','2025-11-26T23:36:39.240Z');
INSERT INTO orders VALUES('O2025-11-27-b21be67e','0004',NULL,'all','2025-11-27',NULL,50242.5,5024,55266.5,0.1000000000000000055,'2025-11-26T23:37:06.645Z','2025-11-26T23:37:06.645Z');
INSERT INTO orders VALUES('O2025-11-28-bf168b3e','0002',NULL,'all','2025-11-28',NULL,126750,12675,139425,0.1000000000000000055,'2025-11-28T10:39:23.079Z','2025-11-28T11:59:21.956Z');
INSERT INTO orders VALUES('O2025-11-28-2942d747','0003',NULL,'all','2025-11-28',NULL,42687,4269,46956,0.1000000000000000055,'2025-11-28T11:56:08.233Z','2025-11-28T12:03:23.900Z');
INSERT INTO orders VALUES('O2025-11-29-a7be1ebb','0004',NULL,'all','2025-11-28',NULL,127800,12780,140580,0.1000000000000000055,'2025-11-28T17:50:27.894Z','2025-11-28T17:50:27.894Z');
INSERT INTO orders VALUES('O2025-11-30-814fb15e','0002',NULL,'all','2025-11-29',NULL,35749,3575,39324,0.1000000000000000055,'2025-11-30 02:21:13','2025-11-30 02:21:13');
INSERT INTO orders VALUES('O2025-11-30-8c5d11ec','0003',NULL,'all','2025-11-29',NULL,35749,3575,39324,0.1000000000000000055,'2025-11-30 02:21:29','2025-11-30 02:21:29');
INSERT INTO orders VALUES('O2025-11-30-caddbf5b','0004',NULL,'all','2025-11-29',NULL,34999,3500,38499,0.1000000000000000055,'2025-11-30 02:21:43','2025-11-30 02:21:43');
INSERT INTO orders VALUES('O2025-11-30-0404a4cf','0002',NULL,'all','2025-11-30',NULL,50624.5,5062,55686.5,0.1000000000000000055,'2025-11-30 08:49:41','2025-12-01 02:49:45');
INSERT INTO orders VALUES('O2025-12-01-b457df00','0003',NULL,'all','2025-11-30',NULL,33287.5,3329,36616.5,0.1000000000000000055,'2025-12-01 02:50:15','2025-12-01 02:50:15');
INSERT INTO orders VALUES('O2025-12-01-f8ae1981','0004',NULL,'all','2025-11-30',NULL,50242.5,5024,55266.5,0.1000000000000000055,'2025-12-01 02:50:38','2025-12-01 02:50:38');
INSERT INTO orders VALUES('O2025-12-09-96dd3dcf','0002',NULL,'all','2025-12-08',NULL,246000,24600,270600,0.1000000000000000055,'2025-12-09 02:39:07','2025-12-09 02:39:07');
INSERT INTO orders VALUES('O2025-12-09-9df7ccef','0003',NULL,'all','2025-12-08',NULL,377280,37728,415008,0.1000000000000000055,'2025-12-09 02:39:28','2025-12-09 02:39:28');
INSERT INTO orders VALUES('O2025-12-09-4650980e','0004',NULL,'all','2025-12-08',NULL,246000,24600,270600,0.1000000000000000055,'2025-12-09 02:39:42','2025-12-09 02:39:42');
INSERT INTO orders VALUES('O2025-12-09-4d7388af','0002',NULL,'all','2025-12-09',NULL,172067.5,17207,189274.5,0.1000000000000000055,'2025-12-09 11:39:30','2025-12-09 11:39:30');
INSERT INTO orders VALUES('O2025-12-09-f5d667ce','0003',NULL,'all','2025-12-09',NULL,40787.5,4079,44866.5,0.1000000000000000055,'2025-12-09 11:39:57','2025-12-09 11:39:57');
INSERT INTO orders VALUES('O2025-12-09-a43620a4','0004',NULL,'all','2025-12-09',NULL,173785.5,17379,191164.5,0.1000000000000000055,'2025-12-09 11:40:39','2025-12-09 11:40:39');
CREATE TABLE order_lines (
  id INTEGER PRIMARY KEY AUTOINCREMENT,
  order_id TEXT NOT NULL,
  item_id TEXT NOT NULL,
  qty INTEGER NOT NULL,
  unit_price INTEGER NOT NULL,
  amount INTEGER NOT NULL,
  expected_arrival_date TEXT, vendor_id TEXT,
  FOREIGN KEY (order_id) REFERENCES orders(id)
);
INSERT INTO order_lines VALUES(12,'O2025-10-30-4850d473','001001',1,22200,22200,'2025-10-30','100011');
INSERT INTO order_lines VALUES(13,'O2025-10-30-4850d473','015001',1,8919,8919,'2025-10-30','600502');
INSERT INTO order_lines VALUES(14,'O2025-10-30-4850d473','011004',1,750,750,'2025-10-30','700004');
INSERT INTO order_lines VALUES(15,'O2025-10-30-4850d473','001018',1,1231,1231,'2025-10-30','888888');
INSERT INTO order_lines VALUES(16,'O2025-11-02-a4b63be9','015001',1,8919,8919,'2025-11-03','600502');
INSERT INTO order_lines VALUES(17,'O2025-11-02-a4b63be9','001018',1,1231,1231,'2025-11-03','888888');
INSERT INTO order_lines VALUES(18,'O2025-11-04-3eafbc8f','015001',2,8919,17838,'2025-11-05','600502');
INSERT INTO order_lines VALUES(19,'O2025-11-04-3eafbc8f','017005',2,1480,2960,'2025-11-05','600502');
INSERT INTO order_lines VALUES(20,'O2025-11-04-3eafbc8f','016019',2,6938,13876,'2025-11-05','600510');
INSERT INTO order_lines VALUES(21,'O2025-11-04-3eafbc8f','011004',2,750,1500,'2025-11-05','700004');
INSERT INTO order_lines VALUES(22,'O2025-11-04-3eafbc8f','001018',2,1231,2462,'2025-11-05','888888');
INSERT INTO order_lines VALUES(23,'O2025-11-04-3eafbc8f','002007',2,735,1470,'2025-11-05','888888');
INSERT INTO order_lines VALUES(24,'O2025-11-04-3eafbc8f','002009',2,821,1642,'2025-11-05','888888');
INSERT INTO order_lines VALUES(25,'O2025-11-04-3eafbc8f','002012',2,1056,2112,'2025-11-05','888888');
INSERT INTO order_lines VALUES(26,'O2025-11-04-3eafbc8f','002015',2,1100,2200,'2025-11-05','888888');
INSERT INTO order_lines VALUES(27,'O2025-11-04-3eafbc8f','002019',2,1205,2410,'2025-11-05','888888');
INSERT INTO order_lines VALUES(28,'O2025-11-04-3eafbc8f','002029',2,1194,2388,'2025-11-05','888888');
INSERT INTO order_lines VALUES(29,'O2025-11-04-3eafbc8f','002075',2,700,1400,'2025-11-05','888888');
INSERT INTO order_lines VALUES(30,'O2025-11-04-3eafbc8f','002340',2,924,1848,'2025-11-05','888888');
INSERT INTO order_lines VALUES(31,'O2025-11-04-3eafbc8f','002341',2,390,780,'2025-11-05','888888');
INSERT INTO order_lines VALUES(32,'O2025-11-04-3eafbc8f','002356',2,1680,3360,'2025-11-05','888888');
INSERT INTO order_lines VALUES(33,'O2025-11-04-3eafbc8f','002365',2,552.5,1105,'2025-11-05','888888');
INSERT INTO order_lines VALUES(34,'O2025-11-04-3eafbc8f','002397',2,792,1584,'2025-11-05','888888');
INSERT INTO order_lines VALUES(35,'O2025-11-04-3eafbc8f','002455',2,1315,2630,'2025-11-05','888888');
INSERT INTO order_lines VALUES(36,'O2025-11-04-3eafbc8f','002460',2,1085,2170,'2025-11-05','888888');
INSERT INTO order_lines VALUES(37,'O2025-11-04-3eafbc8f','002501',2,2286,4572,'2025-11-05','888888');
INSERT INTO order_lines VALUES(38,'O2025-11-04-3eafbc8f','002590',2,1274,2548,'2025-11-05','888888');
INSERT INTO order_lines VALUES(39,'O2025-11-04-3eafbc8f','002625',2,327,654,'2025-11-05','888888');
INSERT INTO order_lines VALUES(40,'O2025-11-04-3eafbc8f','002654',2,1027,2054,'2025-11-05','888888');
INSERT INTO order_lines VALUES(41,'O2025-11-04-3eafbc8f','002677',2,1527,3054,'2025-11-05','888888');
INSERT INTO order_lines VALUES(42,'O2025-11-04-3eafbc8f','002703',2,1521,3042,'2025-11-05','888888');
INSERT INTO order_lines VALUES(43,'O2025-11-04-3eafbc8f','002711',2,932,1864,'2025-11-05','888888');
INSERT INTO order_lines VALUES(44,'O2025-11-04-3eafbc8f','003045',2,382,764,'2025-11-05','888888');
INSERT INTO order_lines VALUES(45,'O2025-11-04-3eafbc8f','003050',2,1895,3790,'2025-11-05','888888');
INSERT INTO order_lines VALUES(46,'O2025-11-04-3eafbc8f','004044',2,497,994,'2025-11-05','888888');
INSERT INTO order_lines VALUES(47,'O2025-11-04-3eafbc8f','016035',2,777,1554,'2025-11-05','888888');
INSERT INTO order_lines VALUES(48,'O2025-11-04-3eafbc8f','016048',2,456,912,'2025-11-05','888888');
INSERT INTO order_lines VALUES(49,'O2025-11-04-3eafbc8f','020018',2,170,340,'2025-11-05','888888');
INSERT INTO order_lines VALUES(50,'O2025-11-04-3eafbc8f','020084',2,283,566,'2025-11-05','888888');
INSERT INTO order_lines VALUES(51,'O2025-11-04-3eafbc8f','020090',2,330,660,'2025-11-05','888888');
INSERT INTO order_lines VALUES(52,'O2025-11-04-3eafbc8f','020187',2,122,244,'2025-11-05','888888');
INSERT INTO order_lines VALUES(53,'O2025-11-04-3eafbc8f','020207',2,209,418,'2025-11-05','888888');
INSERT INTO order_lines VALUES(54,'O2025-11-04-3eafbc8f','020301',2,219,438,'2025-11-05','888888');
INSERT INTO order_lines VALUES(55,'O2025-11-04-3eafbc8f','020302',2,292,584,'2025-11-05','888888');
INSERT INTO order_lines VALUES(56,'O2025-11-04-3eafbc8f','020332',2,1752,3504,'2025-11-05','888888');
INSERT INTO order_lines VALUES(57,'O2025-11-04-3eafbc8f','020345',2,1680,3360,'2025-11-05','888888');
INSERT INTO order_lines VALUES(58,'O2025-11-04-3eafbc8f','020355',2,230,460,'2025-11-05','888888');
INSERT INTO order_lines VALUES(59,'O2025-11-04-3eafbc8f','020382',2,319,638,'2025-11-05','888888');
INSERT INTO order_lines VALUES(60,'O2025-11-04-8a32c6c0','011004',1,750,750,'2025-11-05','700004');
INSERT INTO order_lines VALUES(61,'O2025-11-04-8a32c6c0','001018',1,1231,1231,'2025-11-05','888888');
INSERT INTO order_lines VALUES(62,'O2025-11-04-8a32c6c0','002007',1,735,735,'2025-11-05','888888');
INSERT INTO order_lines VALUES(63,'O2025-11-04-1c2ce07c','015001',1,8919,8919,'2025-11-05','600502');
INSERT INTO order_lines VALUES(64,'O2025-11-04-1c2ce07c','017005',1,1480,1480,'2025-11-05','600502');
INSERT INTO order_lines VALUES(65,'O2025-11-04-1c2ce07c','016019',1,6938,6938,'2025-11-05','600510');
INSERT INTO order_lines VALUES(66,'O2025-11-04-1c2ce07c','011004',1,960,960,'2025-11-05','700021');
INSERT INTO order_lines VALUES(67,'O2025-11-04-1c2ce07c','001018',1,1231,1231,'2025-11-05','888888');
INSERT INTO order_lines VALUES(68,'O2025-11-09-bdbbbe02','015001',1,8919,8919,'2025-11-10','600502');
INSERT INTO order_lines VALUES(69,'O2025-11-09-bdbbbe02','017005',1,1480,1480,'2025-11-10','600502');
INSERT INTO order_lines VALUES(70,'O2025-11-09-bdbbbe02','002007',1,735,735,'2025-11-10','888888');
INSERT INTO order_lines VALUES(71,'O2025-11-09-bdbbbe02','002009',1,821,821,'2025-11-10','888888');
INSERT INTO order_lines VALUES(72,'O2025-11-09-9762cda6','001018',1,1231,1231,'2025-11-10','888888');
INSERT INTO order_lines VALUES(73,'O2025-11-09-12d38b81','015001',1,8919,8919,'2025-11-10','600502');
INSERT INTO order_lines VALUES(74,'O2025-11-09-12d38b81','001018',1,1231,1231,'2025-11-10','888888');
INSERT INTO order_lines VALUES(75,'O2025-11-09-12d38b81','002007',1,735,735,'2025-11-10','888888');
INSERT INTO order_lines VALUES(198,'O2025-11-11-7f7c213f','015001',2,8919,17838,'2025-11-12','600502');
INSERT INTO order_lines VALUES(199,'O2025-11-11-7f7c213f','017005',1,1480,1480,'2025-11-12','600502');
INSERT INTO order_lines VALUES(200,'O2025-11-11-7f7c213f','016019',1,6938,6938,'2025-11-12','600510');
INSERT INTO order_lines VALUES(201,'O2025-11-11-7f7c213f','011004',1,750,750,'2025-11-12','700004');
INSERT INTO order_lines VALUES(202,'O2025-11-11-7f7c213f','001018',1,1231,1231,'2025-11-12','888888');
INSERT INTO order_lines VALUES(203,'O2025-11-11-7f7c213f','002007',1,735,735,'2025-11-12','888888');
INSERT INTO order_lines VALUES(204,'O2025-11-11-7f7c213f','002009',1,821,821,'2025-11-12','888888');
INSERT INTO order_lines VALUES(205,'O2025-11-11-7f7c213f','002012',1,1056,1056,'2025-11-12','888888');
INSERT INTO order_lines VALUES(206,'O2025-11-11-7f7c213f','002015',1,1100,1100,'2025-11-12','888888');
INSERT INTO order_lines VALUES(207,'O2025-11-11-7f7c213f','002019',1,1205,1205,'2025-11-12','888888');
INSERT INTO order_lines VALUES(208,'O2025-11-11-7f7c213f','002029',1,1194,1194,'2025-11-12','888888');
INSERT INTO order_lines VALUES(209,'O2025-11-11-7f7c213f','002075',1,700,700,'2025-11-12','888888');
INSERT INTO order_lines VALUES(210,'O2025-11-11-7f7c213f','002340',1,924,924,'2025-11-12','888888');
INSERT INTO order_lines VALUES(211,'O2025-11-11-7f7c213f','002341',1,390,390,'2025-11-12','888888');
INSERT INTO order_lines VALUES(212,'O2025-11-11-7f7c213f','002356',1,1680,1680,'2025-11-12','888888');
INSERT INTO order_lines VALUES(213,'O2025-11-11-7f7c213f','002365',1,552.5,552.5,'2025-11-12','888888');
INSERT INTO order_lines VALUES(214,'O2025-11-11-7f7c213f','002397',1,792,792,'2025-11-12','888888');
INSERT INTO order_lines VALUES(215,'O2025-11-11-7f7c213f','002455',1,1315,1315,'2025-11-12','888888');
INSERT INTO order_lines VALUES(216,'O2025-11-11-7f7c213f','002460',1,1085,1085,'2025-11-12','888888');
INSERT INTO order_lines VALUES(217,'O2025-11-11-7f7c213f','002501',1,2286,2286,'2025-11-12','888888');
INSERT INTO order_lines VALUES(218,'O2025-11-11-7f7c213f','002590',1,1274,1274,'2025-11-12','888888');
INSERT INTO order_lines VALUES(219,'O2025-11-11-7f7c213f','002625',1,327,327,'2025-11-12','888888');
INSERT INTO order_lines VALUES(220,'O2025-11-11-7f7c213f','002654',1,1027,1027,'2025-11-12','888888');
INSERT INTO order_lines VALUES(221,'O2025-11-11-7f7c213f','002677',1,1527,1527,'2025-11-12','888888');
INSERT INTO order_lines VALUES(222,'O2025-11-11-7f7c213f','002703',1,1521,1521,'2025-11-12','888888');
INSERT INTO order_lines VALUES(223,'O2025-11-11-7f7c213f','002711',1,932,932,'2025-11-12','888888');
INSERT INTO order_lines VALUES(224,'O2025-11-11-7f7c213f','003045',1,382,382,'2025-11-12','888888');
INSERT INTO order_lines VALUES(225,'O2025-11-11-7f7c213f','003050',1,1895,1895,'2025-11-12','888888');
INSERT INTO order_lines VALUES(226,'O2025-11-11-7f7c213f','004044',1,497,497,'2025-11-12','888888');
INSERT INTO order_lines VALUES(227,'O2025-11-11-7f7c213f','016035',1,777,777,'2025-11-12','888888');
INSERT INTO order_lines VALUES(228,'O2025-11-11-7f7c213f','016048',1,456,456,'2025-11-12','888888');
INSERT INTO order_lines VALUES(229,'O2025-11-11-7f7c213f','020018',1,170,170,'2025-11-12','888888');
INSERT INTO order_lines VALUES(230,'O2025-11-11-7f7c213f','020084',1,283,283,'2025-11-12','888888');
INSERT INTO order_lines VALUES(231,'O2025-11-11-7f7c213f','020090',1,330,330,'2025-11-12','888888');
INSERT INTO order_lines VALUES(232,'O2025-11-11-7f7c213f','020187',1,122,122,'2025-11-12','888888');
INSERT INTO order_lines VALUES(233,'O2025-11-11-7f7c213f','020207',1,209,209,'2025-11-12','888888');
INSERT INTO order_lines VALUES(234,'O2025-11-11-7f7c213f','020301',1,219,219,'2025-11-12','888888');
INSERT INTO order_lines VALUES(235,'O2025-11-11-7f7c213f','020302',1,292,292,'2025-11-12','888888');
INSERT INTO order_lines VALUES(236,'O2025-11-11-7f7c213f','020332',1,1752,1752,'2025-11-12','888888');
INSERT INTO order_lines VALUES(237,'O2025-11-11-7f7c213f','020345',1,1680,1680,'2025-11-12','888888');
INSERT INTO order_lines VALUES(238,'O2025-11-11-7f7c213f','020355',1,230,230,'2025-11-12','888888');
INSERT INTO order_lines VALUES(239,'O2025-11-11-7f7c213f','020382',1,319,319,'2025-11-12','888888');
INSERT INTO order_lines VALUES(240,'O2025-11-11-a37fe4f6','011004',3,750,2250,'2025-11-12','700004');
INSERT INTO order_lines VALUES(241,'O2025-11-11-a37fe4f6','001018',1,1231,1231,'2025-11-12','888888');
INSERT INTO order_lines VALUES(242,'O2025-11-11-a37fe4f6','002007',1,735,735,'2025-11-12','888888');
INSERT INTO order_lines VALUES(243,'O2025-11-11-a37fe4f6','002009',1,821,821,'2025-11-12','888888');
INSERT INTO order_lines VALUES(244,'O2025-11-11-a37fe4f6','002012',1,1056,1056,'2025-11-12','888888');
INSERT INTO order_lines VALUES(245,'O2025-11-11-a37fe4f6','002015',1,1100,1100,'2025-11-12','888888');
INSERT INTO order_lines VALUES(246,'O2025-11-11-a37fe4f6','002019',1,1205,1205,'2025-11-12','888888');
INSERT INTO order_lines VALUES(247,'O2025-11-11-a37fe4f6','002029',1,1194,1194,'2025-11-12','888888');
INSERT INTO order_lines VALUES(248,'O2025-11-11-a37fe4f6','002075',1,700,700,'2025-11-12','888888');
INSERT INTO order_lines VALUES(249,'O2025-11-11-a37fe4f6','002340',1,924,924,'2025-11-12','888888');
INSERT INTO order_lines VALUES(250,'O2025-11-11-a37fe4f6','002341',1,390,390,'2025-11-12','888888');
INSERT INTO order_lines VALUES(251,'O2025-11-11-a37fe4f6','002356',1,1680,1680,'2025-11-12','888888');
INSERT INTO order_lines VALUES(252,'O2025-11-11-a37fe4f6','002365',1,552.5,552.5,'2025-11-12','888888');
INSERT INTO order_lines VALUES(253,'O2025-11-11-a37fe4f6','002397',1,792,792,'2025-11-12','888888');
INSERT INTO order_lines VALUES(254,'O2025-11-11-a37fe4f6','002455',1,1315,1315,'2025-11-12','888888');
INSERT INTO order_lines VALUES(255,'O2025-11-11-a37fe4f6','002460',1,1085,1085,'2025-11-12','888888');
INSERT INTO order_lines VALUES(256,'O2025-11-11-a37fe4f6','002501',1,2286,2286,'2025-11-12','888888');
INSERT INTO order_lines VALUES(257,'O2025-11-11-a37fe4f6','002590',1,1274,1274,'2025-11-12','888888');
INSERT INTO order_lines VALUES(258,'O2025-11-11-a37fe4f6','002625',1,327,327,'2025-11-12','888888');
INSERT INTO order_lines VALUES(259,'O2025-11-11-a37fe4f6','002654',1,1027,1027,'2025-11-12','888888');
INSERT INTO order_lines VALUES(260,'O2025-11-11-a37fe4f6','002677',1,1527,1527,'2025-11-12','888888');
INSERT INTO order_lines VALUES(261,'O2025-11-11-a37fe4f6','002703',1,1521,1521,'2025-11-12','888888');
INSERT INTO order_lines VALUES(262,'O2025-11-11-a37fe4f6','002711',1,932,932,'2025-11-12','888888');
INSERT INTO order_lines VALUES(263,'O2025-11-11-a37fe4f6','003045',1,382,382,'2025-11-12','888888');
INSERT INTO order_lines VALUES(264,'O2025-11-11-a37fe4f6','003050',1,1895,1895,'2025-11-12','888888');
INSERT INTO order_lines VALUES(265,'O2025-11-11-a37fe4f6','004044',1,497,497,'2025-11-12','888888');
INSERT INTO order_lines VALUES(266,'O2025-11-11-a37fe4f6','016035',1,777,777,'2025-11-12','888888');
INSERT INTO order_lines VALUES(267,'O2025-11-11-a37fe4f6','016048',1,456,456,'2025-11-12','888888');
INSERT INTO order_lines VALUES(268,'O2025-11-11-a37fe4f6','020018',1,170,170,'2025-11-12','888888');
INSERT INTO order_lines VALUES(269,'O2025-11-11-a37fe4f6','020084',1,283,283,'2025-11-12','888888');
INSERT INTO order_lines VALUES(270,'O2025-11-11-a37fe4f6','020090',1,330,330,'2025-11-12','888888');
INSERT INTO order_lines VALUES(271,'O2025-11-11-a37fe4f6','020187',1,122,122,'2025-11-12','888888');
INSERT INTO order_lines VALUES(272,'O2025-11-11-a37fe4f6','020207',1,209,209,'2025-11-12','888888');
INSERT INTO order_lines VALUES(273,'O2025-11-11-a37fe4f6','020301',1,219,219,'2025-11-12','888888');
INSERT INTO order_lines VALUES(274,'O2025-11-11-a37fe4f6','020302',1,292,292,'2025-11-12','888888');
INSERT INTO order_lines VALUES(275,'O2025-11-11-a37fe4f6','020332',1,1752,1752,'2025-11-12','888888');
INSERT INTO order_lines VALUES(276,'O2025-11-11-a37fe4f6','020345',1,1680,1680,'2025-11-12','888888');
INSERT INTO order_lines VALUES(277,'O2025-11-11-a37fe4f6','020355',1,230,230,'2025-11-12','888888');
INSERT INTO order_lines VALUES(278,'O2025-11-11-a37fe4f6','020382',1,319,319,'2025-11-12','888888');
INSERT INTO order_lines VALUES(279,'O2025-11-11-e3191852','015001',4,8919,35676,'2025-11-12','600502');
INSERT INTO order_lines VALUES(280,'O2025-11-11-e3191852','017005',1,1480,1480,'2025-11-12','600502');
INSERT INTO order_lines VALUES(281,'O2025-11-11-e3191852','016019',1,6938,6938,'2025-11-12','600510');
INSERT INTO order_lines VALUES(282,'O2025-11-11-e3191852','011004',1,960,960,'2025-11-12','700021');
INSERT INTO order_lines VALUES(283,'O2025-11-11-e3191852','001018',1,1231,1231,'2025-11-12','888888');
INSERT INTO order_lines VALUES(284,'O2025-11-11-e3191852','002007',1,735,735,'2025-11-12','888888');
INSERT INTO order_lines VALUES(285,'O2025-11-11-e3191852','002009',1,821,821,'2025-11-12','888888');
INSERT INTO order_lines VALUES(286,'O2025-11-11-e3191852','002012',1,1056,1056,'2025-11-12','888888');
INSERT INTO order_lines VALUES(287,'O2025-11-11-e3191852','002015',1,1100,1100,'2025-11-12','888888');
INSERT INTO order_lines VALUES(288,'O2025-11-11-e3191852','002019',1,1205,1205,'2025-11-12','888888');
INSERT INTO order_lines VALUES(289,'O2025-11-11-e3191852','002029',1,1194,1194,'2025-11-12','888888');
INSERT INTO order_lines VALUES(290,'O2025-11-11-e3191852','002075',1,700,700,'2025-11-12','888888');
INSERT INTO order_lines VALUES(291,'O2025-11-11-e3191852','002340',1,924,924,'2025-11-12','888888');
INSERT INTO order_lines VALUES(292,'O2025-11-11-e3191852','002341',1,390,390,'2025-11-12','888888');
INSERT INTO order_lines VALUES(293,'O2025-11-11-e3191852','002356',1,1680,1680,'2025-11-12','888888');
INSERT INTO order_lines VALUES(294,'O2025-11-11-e3191852','002365',1,552.5,552.5,'2025-11-12','888888');
INSERT INTO order_lines VALUES(295,'O2025-11-11-e3191852','002397',1,792,792,'2025-11-12','888888');
INSERT INTO order_lines VALUES(296,'O2025-11-11-e3191852','002455',1,1315,1315,'2025-11-12','888888');
INSERT INTO order_lines VALUES(297,'O2025-11-11-e3191852','002460',1,1085,1085,'2025-11-12','888888');
INSERT INTO order_lines VALUES(298,'O2025-11-11-e3191852','002501',1,2286,2286,'2025-11-12','888888');
INSERT INTO order_lines VALUES(299,'O2025-11-11-e3191852','002590',1,1274,1274,'2025-11-12','888888');
INSERT INTO order_lines VALUES(300,'O2025-11-11-e3191852','002625',1,327,327,'2025-11-12','888888');
INSERT INTO order_lines VALUES(301,'O2025-11-11-e3191852','002654',1,1027,1027,'2025-11-12','888888');
INSERT INTO order_lines VALUES(302,'O2025-11-11-e3191852','002677',1,1527,1527,'2025-11-12','888888');
INSERT INTO order_lines VALUES(303,'O2025-11-11-e3191852','002703',1,1521,1521,'2025-11-12','888888');
INSERT INTO order_lines VALUES(304,'O2025-11-11-e3191852','002711',1,932,932,'2025-11-12','888888');
INSERT INTO order_lines VALUES(305,'O2025-11-11-e3191852','003050',1,1895,1895,'2025-11-12','888888');
INSERT INTO order_lines VALUES(306,'O2025-11-11-e3191852','004044',1,497,497,'2025-11-12','888888');
INSERT INTO order_lines VALUES(307,'O2025-11-11-e3191852','016035',1,777,777,'2025-11-12','888888');
INSERT INTO order_lines VALUES(308,'O2025-11-11-e3191852','016048',1,456,456,'2025-11-12','888888');
INSERT INTO order_lines VALUES(309,'O2025-11-11-e3191852','020018',1,170,170,'2025-11-12','888888');
INSERT INTO order_lines VALUES(310,'O2025-11-11-e3191852','020084',1,283,283,'2025-11-12','888888');
INSERT INTO order_lines VALUES(311,'O2025-11-11-e3191852','020090',1,330,330,'2025-11-12','888888');
INSERT INTO order_lines VALUES(312,'O2025-11-11-e3191852','020187',1,122,122,'2025-11-12','888888');
INSERT INTO order_lines VALUES(313,'O2025-11-11-e3191852','020207',1,209,209,'2025-11-12','888888');
INSERT INTO order_lines VALUES(314,'O2025-11-11-e3191852','020301',1,219,219,'2025-11-12','888888');
INSERT INTO order_lines VALUES(315,'O2025-11-11-e3191852','020302',1,292,292,'2025-11-12','888888');
INSERT INTO order_lines VALUES(316,'O2025-11-11-e3191852','020332',1,1752,1752,'2025-11-12','888888');
INSERT INTO order_lines VALUES(317,'O2025-11-11-e3191852','020345',1,1680,1680,'2025-11-12','888888');
INSERT INTO order_lines VALUES(318,'O2025-11-11-e3191852','020355',1,230,230,'2025-11-12','888888');
INSERT INTO order_lines VALUES(319,'O2025-11-11-e3191852','020382',1,319,319,'2025-11-12','888888');
INSERT INTO order_lines VALUES(320,'O2025-11-14-39a5cb8f','001001',1,24600,24600,'2025-11-15','100011');
INSERT INTO order_lines VALUES(321,'O2025-11-14-39a5cb8f','011004',4,960,3840,'2025-11-15','700021');
INSERT INTO order_lines VALUES(322,'O2025-11-16-5be359c1','015001',4,8919,35676,'2025-11-17','600502');
INSERT INTO order_lines VALUES(323,'O2025-11-16-5be359c1','017005',5,1480,7400,'2025-11-17','600502');
INSERT INTO order_lines VALUES(324,'O2025-11-16-5be359c1','001018',2,1231,2462,'2025-11-17','888888');
INSERT INTO order_lines VALUES(325,'O2025-11-16-5be359c1','002007',1,735,735,'2025-11-17','888888');
INSERT INTO order_lines VALUES(326,'O2025-11-16-5be359c1','002009',2,821,1642,'2025-11-17','888888');
INSERT INTO order_lines VALUES(327,'O2025-11-16-5be359c1','002012',2,1056,2112,'2025-11-17','888888');
INSERT INTO order_lines VALUES(328,'O2025-11-16-5be359c1','002015',2,1100,2200,'2025-11-17','888888');
INSERT INTO order_lines VALUES(329,'O2025-11-16-5be359c1','002019',1,1205,1205,'2025-11-17','888888');
INSERT INTO order_lines VALUES(335,'O2025-11-16-46d880b6','001018',1,1231,1231,'2025-11-17','888888');
INSERT INTO order_lines VALUES(336,'O2025-11-16-46d880b6','020207',1,209,209,'2025-11-17','888888');
INSERT INTO order_lines VALUES(337,'O2025-11-16-46d880b6','020302',1,292,292,'2025-11-17','888888');
INSERT INTO order_lines VALUES(338,'O2025-11-16-46d880b6','020332',2,1752,3504,'2025-11-17','888888');
INSERT INTO order_lines VALUES(339,'O2025-11-16-46d880b6','020345',3,1680,5040,'2025-11-17','888888');
INSERT INTO order_lines VALUES(340,'O2025-11-16-46d880b6','020355',4,230,920,'2025-11-17','888888');
INSERT INTO order_lines VALUES(341,'O2025-11-16-46d880b6','020382',5,319,1595,'2025-11-17','888888');
INSERT INTO order_lines VALUES(342,'O2025-11-16-e0f74322','015001',1,8919,8919,'2025-11-17','600502');
INSERT INTO order_lines VALUES(343,'O2025-11-16-e0f74322','001018',1,1231,1231,'2025-11-17','888888');
INSERT INTO order_lines VALUES(344,'O2025-11-16-e0f74322','002015',1,1100,1100,'2025-11-17','888888');
INSERT INTO order_lines VALUES(345,'O2025-11-16-e0f74322','002019',1,1205,1205,'2025-11-17','888888');
INSERT INTO order_lines VALUES(346,'O2025-11-16-e0f74322','002029',1,1194,1194,'2025-11-17','888888');
INSERT INTO order_lines VALUES(347,'O2025-11-16-e0f74322','002075',1,700,700,'2025-11-17','888888');
INSERT INTO order_lines VALUES(348,'O2025-11-16-e0f74322','002340',1,924,924,'2025-11-17','888888');
INSERT INTO order_lines VALUES(349,'O2025-11-16-e0f74322','002341',1,390,390,'2025-11-17','888888');
INSERT INTO order_lines VALUES(350,'O2025-11-16-e0f74322','002356',1,1680,1680,'2025-11-17','888888');
INSERT INTO order_lines VALUES(351,'O2025-11-17-9e197a54','001001',5,24600,123000,'2025-11-18','100011');
INSERT INTO order_lines VALUES(352,'O2025-11-17-4175680e','001001',5,24600,123000,'2025-11-18','100011');
INSERT INTO order_lines VALUES(353,'O2025-11-17-4175680e','015001',5,8919,44595,'2025-11-18','600502');
INSERT INTO order_lines VALUES(354,'O2025-11-17-4175680e','017005',3,1480,4440,'2025-11-18','600502');
INSERT INTO order_lines VALUES(355,'O2025-11-17-4175680e','016019',2,6938,13876,'2025-11-18','600510');
INSERT INTO order_lines VALUES(356,'O2025-11-17-595e8406','001001',6,24600,147600,'2025-11-18','100011');
INSERT INTO order_lines VALUES(368,'O2025-11-18-edc094bc','011004',5,750,3750,'2025-11-19','700004');
INSERT INTO order_lines VALUES(369,'O2025-11-18-edc094bc','002341',2,390,780,'2025-11-19','888888');
INSERT INTO order_lines VALUES(370,'O2025-11-18-edc094bc','002365',2,552.5,1105,'2025-11-19','888888');
INSERT INTO order_lines VALUES(371,'O2025-11-18-edc094bc','002455',2,1315,2630,'2025-11-19','888888');
INSERT INTO order_lines VALUES(372,'O2025-11-18-edc094bc','002590',2,1274,2548,'2025-11-19','888888');
INSERT INTO order_lines VALUES(373,'O2025-11-18-edc094bc','002654',3,1027,3081,'2025-11-19','888888');
INSERT INTO order_lines VALUES(374,'O2025-11-18-edc094bc','020207',5,209,1045,'2025-11-19','888888');
INSERT INTO order_lines VALUES(375,'O2025-11-18-edc094bc','020355',2,230,460,'2025-11-19','888888');
INSERT INTO order_lines VALUES(376,'O2025-11-18-33c92ed9','015001',2,8919,17838,'2025-11-19','600502');
INSERT INTO order_lines VALUES(377,'O2025-11-18-33c92ed9','017005',3,1480,4440,'2025-11-19','600502');
INSERT INTO order_lines VALUES(378,'O2025-11-18-33c92ed9','011004',5,960,4800,'2025-11-19','700021');
INSERT INTO order_lines VALUES(379,'O2025-11-18-33c92ed9','001018',2,1231,2462,'2025-11-19','888888');
INSERT INTO order_lines VALUES(380,'O2025-11-18-33c92ed9','002012',3,1056,3168,'2025-11-19','888888');
INSERT INTO order_lines VALUES(381,'O2025-11-18-33c92ed9','002019',5,1205,6025,'2025-11-19','888888');
INSERT INTO order_lines VALUES(382,'O2025-11-18-33c92ed9','002075',4,700,2800,'2025-11-19','888888');
INSERT INTO order_lines VALUES(383,'O2025-11-18-33c92ed9','002365',5,552.5,2762.5,'2025-11-19','888888');
INSERT INTO order_lines VALUES(384,'O2025-11-18-33c92ed9','002455',1,1315,1315,'2025-11-19','888888');
INSERT INTO order_lines VALUES(385,'O2025-11-18-33c92ed9','002590',5,1274,6370,'2025-11-19','888888');
INSERT INTO order_lines VALUES(386,'O2025-11-18-33c92ed9','002677',3,1527,4581,'2025-11-19','888888');
INSERT INTO order_lines VALUES(387,'O2025-11-18-33c92ed9','003050',8,1895,15160,'2025-11-19','888888');
INSERT INTO order_lines VALUES(388,'O2025-11-18-33c92ed9','016048',2,456,912,'2025-11-19','888888');
INSERT INTO order_lines VALUES(389,'O2025-11-18-33c92ed9','020090',2,330,660,'2025-11-19','888888');
INSERT INTO order_lines VALUES(390,'O2025-11-18-33c92ed9','020301',1,219,219,'2025-11-19','888888');
INSERT INTO order_lines VALUES(391,'O2025-11-18-33c92ed9','020332',2,1752,3504,'2025-11-19','888888');
INSERT INTO order_lines VALUES(392,'O2025-11-18-33c92ed9','020355',6,230,1380,'2025-11-19','888888');
INSERT INTO order_lines VALUES(393,'O2025-11-18-8ff45bda','015001',1,8919,8919,'2025-11-19','600502');
INSERT INTO order_lines VALUES(394,'O2025-11-18-8ff45bda','017005',4,1480,5920,'2025-11-19','600502');
INSERT INTO order_lines VALUES(395,'O2025-11-18-8ff45bda','016019',3,6938,20814,'2025-11-19','600510');
INSERT INTO order_lines VALUES(396,'O2025-11-18-8ff45bda','011004',8,750,6000,'2025-11-19','700004');
INSERT INTO order_lines VALUES(397,'O2025-11-18-8ff45bda','002007',1,735,735,'2025-11-19','888888');
INSERT INTO order_lines VALUES(398,'O2025-11-18-8ff45bda','002009',1,821,821,'2025-11-19','888888');
INSERT INTO order_lines VALUES(399,'O2025-11-18-8ff45bda','002012',1,1056,1056,'2025-11-19','888888');
INSERT INTO order_lines VALUES(400,'O2025-11-18-8ff45bda','002015',2,1100,2200,'2025-11-19','888888');
INSERT INTO order_lines VALUES(401,'O2025-11-18-8ff45bda','002029',3,1194,3582,'2025-11-19','888888');
INSERT INTO order_lines VALUES(402,'O2025-11-18-8ff45bda','002340',2,924,1848,'2025-11-19','888888');
INSERT INTO order_lines VALUES(403,'O2025-11-18-8ff45bda','002397',4,792,3168,'2025-11-19','888888');
INSERT INTO order_lines VALUES(404,'O2025-11-18-8ff45bda','002501',6,2286,13716,'2025-11-19','888888');
INSERT INTO order_lines VALUES(405,'O2025-11-18-8ff45bda','002625',8,327,2616,'2025-11-19','888888');
INSERT INTO order_lines VALUES(406,'O2025-11-18-8ff45bda','002677',5,1527,7635,'2025-11-19','888888');
INSERT INTO order_lines VALUES(407,'O2025-11-18-8ff45bda','003050',2,1895,3790,'2025-11-19','888888');
INSERT INTO order_lines VALUES(408,'O2025-11-18-8ff45bda','016035',5,777,3885,'2025-11-19','888888');
INSERT INTO order_lines VALUES(409,'O2025-11-18-8ff45bda','020018',1,170,170,'2025-11-19','888888');
INSERT INTO order_lines VALUES(410,'O2025-11-18-8ff45bda','020187',1,122,122,'2025-11-19','888888');
INSERT INTO order_lines VALUES(411,'O2025-11-18-8ff45bda','020302',1,292,292,'2025-11-19','888888');
INSERT INTO order_lines VALUES(412,'O2025-11-18-8ff45bda','020332',1,1752,1752,'2025-11-19','888888');
INSERT INTO order_lines VALUES(413,'O2025-11-18-8ff45bda','020345',1,1680,1680,'2025-11-19','888888');
INSERT INTO order_lines VALUES(414,'O2025-11-18-8ff45bda','020355',1,230,230,'2025-11-19','888888');
INSERT INTO order_lines VALUES(415,'O2025-11-18-8ff45bda','020382',4,319,1276,'2025-11-19','888888');
INSERT INTO order_lines VALUES(416,'O2025-11-19-686542a8','001001',5,24600,123000,'2025-11-20','100011');
INSERT INTO order_lines VALUES(418,'O2025-11-19-077e3f9f','001001',6,24600,147600,'2025-11-20','100011');
INSERT INTO order_lines VALUES(419,'O2025-11-19-303aa085','001001',1,24600,24600,'2025-11-20','100011');
INSERT INTO order_lines VALUES(420,'O2025-11-19-303aa085','015001',1,8919,8919,'2025-11-20','600502');
INSERT INTO order_lines VALUES(421,'O2025-11-19-303aa085','017005',1,1480,1480,'2025-11-20','600502');
INSERT INTO order_lines VALUES(422,'O2025-11-21-d4328255','015001',1,8919,8919,'2025-11-21','600502');
INSERT INTO order_lines VALUES(423,'O2025-11-21-d4328255','017005',1,1480,1480,'2025-11-21','600502');
INSERT INTO order_lines VALUES(424,'O2025-11-21-d4328255','016019',1,6938,6938,'2025-11-21','600510');
INSERT INTO order_lines VALUES(425,'O2025-11-21-d4328255','001018',1,1231,1231,'2025-11-21','888888');
INSERT INTO order_lines VALUES(426,'O2025-11-21-d4328255','002007',1,735,735,'2025-11-21','888888');
INSERT INTO order_lines VALUES(427,'O2025-11-21-d4328255','002009',1,821,821,'2025-11-21','888888');
INSERT INTO order_lines VALUES(428,'O2025-11-21-d4328255','002012',1,1056,1056,'2025-11-21','888888');
INSERT INTO order_lines VALUES(429,'O2025-11-21-d4328255','002015',1,1100,1100,'2025-11-21','888888');
INSERT INTO order_lines VALUES(430,'O2025-11-21-d4328255','002019',1,1205,1205,'2025-11-21','888888');
INSERT INTO order_lines VALUES(431,'O2025-11-21-d4328255','002029',1,1194,1194,'2025-11-21','888888');
INSERT INTO order_lines VALUES(432,'O2025-11-21-d4328255','002075',1,700,700,'2025-11-21','888888');
INSERT INTO order_lines VALUES(433,'O2025-11-21-d4328255','002340',1,924,924,'2025-11-21','888888');
INSERT INTO order_lines VALUES(434,'O2025-11-21-d4328255','002341',1,390,390,'2025-11-21','888888');
INSERT INTO order_lines VALUES(435,'O2025-11-21-d4328255','002356',1,1680,1680,'2025-11-21','888888');
INSERT INTO order_lines VALUES(436,'O2025-11-21-d4328255','002365',1,552.5,552.5,'2025-11-21','888888');
INSERT INTO order_lines VALUES(437,'O2025-11-21-d4328255','002397',1,792,792,'2025-11-21','888888');
INSERT INTO order_lines VALUES(438,'O2025-11-21-d4328255','002455',1,1315,1315,'2025-11-21','888888');
INSERT INTO order_lines VALUES(439,'O2025-11-21-d4328255','002460',1,1085,1085,'2025-11-21','888888');
INSERT INTO order_lines VALUES(440,'O2025-11-21-d4328255','002501',1,2286,2286,'2025-11-21','888888');
INSERT INTO order_lines VALUES(441,'O2025-11-21-d4328255','002590',1,1274,1274,'2025-11-21','888888');
INSERT INTO order_lines VALUES(442,'O2025-11-21-d4328255','002625',1,327,327,'2025-11-21','888888');
INSERT INTO order_lines VALUES(443,'O2025-11-21-d4328255','002654',1,1027,1027,'2025-11-21','888888');
INSERT INTO order_lines VALUES(444,'O2025-11-21-d4328255','002677',1,1527,1527,'2025-11-21','888888');
INSERT INTO order_lines VALUES(445,'O2025-11-21-d4328255','002703',1,1521,1521,'2025-11-21','888888');
INSERT INTO order_lines VALUES(446,'O2025-11-21-d4328255','002711',1,932,932,'2025-11-21','888888');
INSERT INTO order_lines VALUES(447,'O2025-11-21-d4328255','003045',1,382,382,'2025-11-21','888888');
INSERT INTO order_lines VALUES(448,'O2025-11-21-d4328255','003050',1,1895,1895,'2025-11-21','888888');
INSERT INTO order_lines VALUES(449,'O2025-11-21-d4328255','004044',1,497,497,'2025-11-21','888888');
INSERT INTO order_lines VALUES(450,'O2025-11-21-d4328255','016035',1,777,777,'2025-11-21','888888');
INSERT INTO order_lines VALUES(451,'O2025-11-21-d4328255','016048',1,456,456,'2025-11-21','888888');
INSERT INTO order_lines VALUES(452,'O2025-11-21-d4328255','020018',1,170,170,'2025-11-21','888888');
INSERT INTO order_lines VALUES(453,'O2025-11-21-d4328255','020084',1,283,283,'2025-11-21','888888');
INSERT INTO order_lines VALUES(454,'O2025-11-21-d4328255','020090',1,330,330,'2025-11-21','888888');
INSERT INTO order_lines VALUES(455,'O2025-11-21-d4328255','020187',1,122,122,'2025-11-21','888888');
INSERT INTO order_lines VALUES(456,'O2025-11-21-d4328255','020207',1,209,209,'2025-11-21','888888');
INSERT INTO order_lines VALUES(457,'O2025-11-21-d4328255','020301',1,219,219,'2025-11-21','888888');
INSERT INTO order_lines VALUES(458,'O2025-11-21-d4328255','020302',1,292,292,'2025-11-21','888888');
INSERT INTO order_lines VALUES(459,'O2025-11-21-d4328255','020332',1,1752,1752,'2025-11-21','888888');
INSERT INTO order_lines VALUES(460,'O2025-11-21-d4328255','020345',1,1680,1680,'2025-11-21','888888');
INSERT INTO order_lines VALUES(461,'O2025-11-21-d4328255','020355',1,230,230,'2025-11-21','888888');
INSERT INTO order_lines VALUES(462,'O2025-11-21-d4328255','020382',1,319,319,'2025-11-21','888888');
INSERT INTO order_lines VALUES(463,'O2025-11-21-d474ca36','001018',1,1231,1231,'2025-11-21','888888');
INSERT INTO order_lines VALUES(464,'O2025-11-21-d474ca36','002007',1,735,735,'2025-11-21','888888');
INSERT INTO order_lines VALUES(465,'O2025-11-21-d474ca36','002009',1,821,821,'2025-11-21','888888');
INSERT INTO order_lines VALUES(466,'O2025-11-21-d474ca36','002012',1,1056,1056,'2025-11-21','888888');
INSERT INTO order_lines VALUES(467,'O2025-11-21-d474ca36','002015',1,1100,1100,'2025-11-21','888888');
INSERT INTO order_lines VALUES(468,'O2025-11-21-d474ca36','002019',1,1205,1205,'2025-11-21','888888');
INSERT INTO order_lines VALUES(469,'O2025-11-21-d474ca36','002029',1,1194,1194,'2025-11-21','888888');
INSERT INTO order_lines VALUES(470,'O2025-11-21-d474ca36','002075',1,700,700,'2025-11-21','888888');
INSERT INTO order_lines VALUES(471,'O2025-11-21-d474ca36','002340',1,924,924,'2025-11-21','888888');
INSERT INTO order_lines VALUES(472,'O2025-11-21-d474ca36','002341',1,390,390,'2025-11-21','888888');
INSERT INTO order_lines VALUES(473,'O2025-11-21-d474ca36','002356',1,1680,1680,'2025-11-21','888888');
INSERT INTO order_lines VALUES(474,'O2025-11-21-d474ca36','002365',1,552.5,552.5,'2025-11-21','888888');
INSERT INTO order_lines VALUES(475,'O2025-11-21-d474ca36','002397',1,792,792,'2025-11-21','888888');
INSERT INTO order_lines VALUES(476,'O2025-11-21-d474ca36','002455',1,1315,1315,'2025-11-21','888888');
INSERT INTO order_lines VALUES(477,'O2025-11-21-d474ca36','002460',1,1085,1085,'2025-11-21','888888');
INSERT INTO order_lines VALUES(478,'O2025-11-21-d474ca36','002501',1,2286,2286,'2025-11-21','888888');
INSERT INTO order_lines VALUES(479,'O2025-11-21-d474ca36','002590',1,1274,1274,'2025-11-21','888888');
INSERT INTO order_lines VALUES(480,'O2025-11-21-d474ca36','002625',1,327,327,'2025-11-21','888888');
INSERT INTO order_lines VALUES(481,'O2025-11-21-d474ca36','002654',1,1027,1027,'2025-11-21','888888');
INSERT INTO order_lines VALUES(482,'O2025-11-21-d474ca36','002677',1,1527,1527,'2025-11-21','888888');
INSERT INTO order_lines VALUES(483,'O2025-11-21-d474ca36','002703',1,1521,1521,'2025-11-21','888888');
INSERT INTO order_lines VALUES(484,'O2025-11-21-d474ca36','002711',1,932,932,'2025-11-21','888888');
INSERT INTO order_lines VALUES(485,'O2025-11-21-d474ca36','003045',1,382,382,'2025-11-21','888888');
INSERT INTO order_lines VALUES(486,'O2025-11-21-d474ca36','003050',1,1895,1895,'2025-11-21','888888');
INSERT INTO order_lines VALUES(487,'O2025-11-21-d474ca36','004044',1,497,497,'2025-11-21','888888');
INSERT INTO order_lines VALUES(488,'O2025-11-21-d474ca36','016035',1,777,777,'2025-11-21','888888');
INSERT INTO order_lines VALUES(489,'O2025-11-21-d474ca36','016048',1,456,456,'2025-11-21','888888');
INSERT INTO order_lines VALUES(490,'O2025-11-21-d474ca36','020018',1,170,170,'2025-11-21','888888');
INSERT INTO order_lines VALUES(491,'O2025-11-21-d474ca36','020084',1,283,283,'2025-11-21','888888');
INSERT INTO order_lines VALUES(492,'O2025-11-21-d474ca36','020090',1,330,330,'2025-11-21','888888');
INSERT INTO order_lines VALUES(493,'O2025-11-21-d474ca36','020187',1,122,122,'2025-11-21','888888');
INSERT INTO order_lines VALUES(494,'O2025-11-21-d474ca36','020207',1,209,209,'2025-11-21','888888');
INSERT INTO order_lines VALUES(495,'O2025-11-21-d474ca36','020301',1,219,219,'2025-11-21','888888');
INSERT INTO order_lines VALUES(496,'O2025-11-21-d474ca36','020302',1,292,292,'2025-11-21','888888');
INSERT INTO order_lines VALUES(497,'O2025-11-21-d474ca36','020332',1,1752,1752,'2025-11-21','888888');
INSERT INTO order_lines VALUES(498,'O2025-11-21-d474ca36','020345',1,1680,1680,'2025-11-21','888888');
INSERT INTO order_lines VALUES(499,'O2025-11-21-d474ca36','020355',1,230,230,'2025-11-21','888888');
INSERT INTO order_lines VALUES(500,'O2025-11-21-d474ca36','020382',1,319,319,'2025-11-21','888888');
INSERT INTO order_lines VALUES(501,'O2025-11-21-b6b1dcf9','015001',1,8919,8919,'2025-11-21','600502');
INSERT INTO order_lines VALUES(502,'O2025-11-21-b6b1dcf9','017005',1,1480,1480,'2025-11-21','600502');
INSERT INTO order_lines VALUES(503,'O2025-11-21-b6b1dcf9','016019',1,6938,6938,'2025-11-21','600510');
INSERT INTO order_lines VALUES(504,'O2025-11-21-b6b1dcf9','001018',1,1231,1231,'2025-11-21','888888');
INSERT INTO order_lines VALUES(505,'O2025-11-21-b6b1dcf9','002007',1,735,735,'2025-11-21','888888');
INSERT INTO order_lines VALUES(506,'O2025-11-21-b6b1dcf9','002009',1,821,821,'2025-11-21','888888');
INSERT INTO order_lines VALUES(507,'O2025-11-21-b6b1dcf9','002012',1,1056,1056,'2025-11-21','888888');
INSERT INTO order_lines VALUES(508,'O2025-11-21-b6b1dcf9','002015',1,1100,1100,'2025-11-21','888888');
INSERT INTO order_lines VALUES(509,'O2025-11-21-b6b1dcf9','002019',1,1205,1205,'2025-11-21','888888');
INSERT INTO order_lines VALUES(510,'O2025-11-21-b6b1dcf9','002029',1,1194,1194,'2025-11-21','888888');
INSERT INTO order_lines VALUES(511,'O2025-11-21-b6b1dcf9','002075',1,700,700,'2025-11-21','888888');
INSERT INTO order_lines VALUES(512,'O2025-11-21-b6b1dcf9','002340',1,924,924,'2025-11-21','888888');
INSERT INTO order_lines VALUES(513,'O2025-11-21-b6b1dcf9','002341',1,390,390,'2025-11-21','888888');
INSERT INTO order_lines VALUES(514,'O2025-11-21-b6b1dcf9','002356',1,1680,1680,'2025-11-21','888888');
INSERT INTO order_lines VALUES(515,'O2025-11-21-b6b1dcf9','002365',1,552.5,552.5,'2025-11-21','888888');
INSERT INTO order_lines VALUES(516,'O2025-11-21-b6b1dcf9','002397',1,792,792,'2025-11-21','888888');
INSERT INTO order_lines VALUES(517,'O2025-11-21-b6b1dcf9','002455',1,1315,1315,'2025-11-21','888888');
INSERT INTO order_lines VALUES(518,'O2025-11-21-b6b1dcf9','002460',1,1085,1085,'2025-11-21','888888');
INSERT INTO order_lines VALUES(519,'O2025-11-21-b6b1dcf9','002501',1,2286,2286,'2025-11-21','888888');
INSERT INTO order_lines VALUES(520,'O2025-11-21-b6b1dcf9','002590',1,1274,1274,'2025-11-21','888888');
INSERT INTO order_lines VALUES(521,'O2025-11-21-b6b1dcf9','002625',1,327,327,'2025-11-21','888888');
INSERT INTO order_lines VALUES(522,'O2025-11-21-b6b1dcf9','002654',1,1027,1027,'2025-11-21','888888');
INSERT INTO order_lines VALUES(523,'O2025-11-21-b6b1dcf9','002677',1,1527,1527,'2025-11-21','888888');
INSERT INTO order_lines VALUES(524,'O2025-11-21-b6b1dcf9','002703',1,1521,1521,'2025-11-21','888888');
INSERT INTO order_lines VALUES(525,'O2025-11-21-b6b1dcf9','002711',1,932,932,'2025-11-21','888888');
INSERT INTO order_lines VALUES(526,'O2025-11-21-b6b1dcf9','003050',1,1895,1895,'2025-11-21','888888');
INSERT INTO order_lines VALUES(527,'O2025-11-21-b6b1dcf9','004044',1,497,497,'2025-11-21','888888');
INSERT INTO order_lines VALUES(528,'O2025-11-21-b6b1dcf9','016035',1,777,777,'2025-11-21','888888');
INSERT INTO order_lines VALUES(529,'O2025-11-21-b6b1dcf9','016048',1,456,456,'2025-11-21','888888');
INSERT INTO order_lines VALUES(530,'O2025-11-21-b6b1dcf9','020018',1,170,170,'2025-11-21','888888');
INSERT INTO order_lines VALUES(531,'O2025-11-21-b6b1dcf9','020084',1,283,283,'2025-11-21','888888');
INSERT INTO order_lines VALUES(532,'O2025-11-21-b6b1dcf9','020090',1,330,330,'2025-11-21','888888');
INSERT INTO order_lines VALUES(533,'O2025-11-21-b6b1dcf9','020187',1,122,122,'2025-11-21','888888');
INSERT INTO order_lines VALUES(534,'O2025-11-21-b6b1dcf9','020207',1,209,209,'2025-11-21','888888');
INSERT INTO order_lines VALUES(535,'O2025-11-21-b6b1dcf9','020301',1,219,219,'2025-11-21','888888');
INSERT INTO order_lines VALUES(536,'O2025-11-21-b6b1dcf9','020302',1,292,292,'2025-11-21','888888');
INSERT INTO order_lines VALUES(537,'O2025-11-21-b6b1dcf9','020332',1,1752,1752,'2025-11-21','888888');
INSERT INTO order_lines VALUES(538,'O2025-11-21-b6b1dcf9','020345',1,1680,1680,'2025-11-21','888888');
INSERT INTO order_lines VALUES(539,'O2025-11-21-b6b1dcf9','020355',1,230,230,'2025-11-21','888888');
INSERT INTO order_lines VALUES(540,'O2025-11-21-b6b1dcf9','020382',1,319,319,'2025-11-21','888888');
INSERT INTO order_lines VALUES(541,'O2025-11-26-266319aa','001001',5,24600,123000,'2025-11-27','100011');
INSERT INTO order_lines VALUES(542,'O2025-11-26-0fe81014','001001',6,24600,147600,'2025-11-27','100011');
INSERT INTO order_lines VALUES(543,'O2025-11-26-0fe81014','015001',8,8919,71352,'2025-11-27','600502');
INSERT INTO order_lines VALUES(544,'O2025-11-26-0fe81014','017005',4,1480,5920,'2025-11-27','600502');
INSERT INTO order_lines VALUES(545,'O2025-11-26-0fe81014','016019',5,6938,34690,'2025-11-27','600510');
INSERT INTO order_lines VALUES(546,'O2025-11-26-20d0d5e9','001001',8,24600,196800,'2025-11-27','100011');
INSERT INTO order_lines VALUES(588,'O2025-11-27-6ccb0d25','001018',1,1231,1231,'2025-11-28','888888');
INSERT INTO order_lines VALUES(589,'O2025-11-27-6ccb0d25','002007',1,735,735,'2025-11-28','888888');
INSERT INTO order_lines VALUES(590,'O2025-11-27-6ccb0d25','002009',1,821,821,'2025-11-28','888888');
INSERT INTO order_lines VALUES(591,'O2025-11-27-6ccb0d25','002012',1,1056,1056,'2025-11-28','888888');
INSERT INTO order_lines VALUES(592,'O2025-11-27-6ccb0d25','002015',1,1100,1100,'2025-11-28','888888');
INSERT INTO order_lines VALUES(593,'O2025-11-27-6ccb0d25','002019',1,1205,1205,'2025-11-28','888888');
INSERT INTO order_lines VALUES(594,'O2025-11-27-6ccb0d25','002029',1,1194,1194,'2025-11-28','888888');
INSERT INTO order_lines VALUES(595,'O2025-11-27-6ccb0d25','002075',1,700,700,'2025-11-28','888888');
INSERT INTO order_lines VALUES(596,'O2025-11-27-6ccb0d25','002340',1,924,924,'2025-11-28','888888');
INSERT INTO order_lines VALUES(597,'O2025-11-27-6ccb0d25','002341',1,390,390,'2025-11-28','888888');
INSERT INTO order_lines VALUES(598,'O2025-11-27-6ccb0d25','002356',1,1680,1680,'2025-11-28','888888');
INSERT INTO order_lines VALUES(599,'O2025-11-27-6ccb0d25','002365',1,552.5,552.5,'2025-11-28','888888');
INSERT INTO order_lines VALUES(600,'O2025-11-27-6ccb0d25','002397',1,792,792,'2025-11-28','888888');
INSERT INTO order_lines VALUES(601,'O2025-11-27-6ccb0d25','002455',1,1315,1315,'2025-11-28','888888');
INSERT INTO order_lines VALUES(602,'O2025-11-27-6ccb0d25','002460',1,1085,1085,'2025-11-28','888888');
INSERT INTO order_lines VALUES(603,'O2025-11-27-6ccb0d25','002501',1,2286,2286,'2025-11-28','888888');
INSERT INTO order_lines VALUES(604,'O2025-11-27-6ccb0d25','002590',1,1274,1274,'2025-11-28','888888');
INSERT INTO order_lines VALUES(605,'O2025-11-27-6ccb0d25','002625',1,327,327,'2025-11-28','888888');
INSERT INTO order_lines VALUES(606,'O2025-11-27-6ccb0d25','002654',1,1027,1027,'2025-11-28','888888');
INSERT INTO order_lines VALUES(607,'O2025-11-27-6ccb0d25','002677',1,1527,1527,'2025-11-28','888888');
INSERT INTO order_lines VALUES(608,'O2025-11-27-6ccb0d25','002703',1,1521,1521,'2025-11-28','888888');
INSERT INTO order_lines VALUES(609,'O2025-11-27-6ccb0d25','002711',1,932,932,'2025-11-28','888888');
INSERT INTO order_lines VALUES(610,'O2025-11-27-6ccb0d25','003045',1,382,382,'2025-11-28','888888');
INSERT INTO order_lines VALUES(611,'O2025-11-27-6ccb0d25','003050',1,1895,1895,'2025-11-28','888888');
INSERT INTO order_lines VALUES(612,'O2025-11-27-6ccb0d25','004044',1,497,497,'2025-11-28','888888');
INSERT INTO order_lines VALUES(613,'O2025-11-27-6ccb0d25','016035',1,777,777,'2025-11-28','888888');
INSERT INTO order_lines VALUES(614,'O2025-11-27-6ccb0d25','016048',1,456,456,'2025-11-28','888888');
INSERT INTO order_lines VALUES(615,'O2025-11-27-6ccb0d25','020018',1,170,170,'2025-11-28','888888');
INSERT INTO order_lines VALUES(616,'O2025-11-27-6ccb0d25','020084',1,283,283,'2025-11-28','888888');
INSERT INTO order_lines VALUES(617,'O2025-11-27-6ccb0d25','020090',1,330,330,'2025-11-28','888888');
INSERT INTO order_lines VALUES(618,'O2025-11-27-6ccb0d25','020187',1,122,122,'2025-11-28','888888');
INSERT INTO order_lines VALUES(619,'O2025-11-27-6ccb0d25','020207',1,209,209,'2025-11-28','888888');
INSERT INTO order_lines VALUES(620,'O2025-11-27-6ccb0d25','020301',1,219,219,'2025-11-28','888888');
INSERT INTO order_lines VALUES(621,'O2025-11-27-6ccb0d25','020302',1,292,292,'2025-11-28','888888');
INSERT INTO order_lines VALUES(622,'O2025-11-27-6ccb0d25','020332',1,1752,1752,'2025-11-28','888888');
INSERT INTO order_lines VALUES(623,'O2025-11-27-6ccb0d25','020345',1,1680,1680,'2025-11-28','888888');
INSERT INTO order_lines VALUES(624,'O2025-11-27-6ccb0d25','020355',1,230,230,'2025-11-28','888888');
INSERT INTO order_lines VALUES(625,'O2025-11-27-6ccb0d25','020382',1,319,319,'2025-11-28','888888');
INSERT INTO order_lines VALUES(626,'O2025-11-27-b21be67e','015001',1,8919,8919,'2025-11-28','600502');
INSERT INTO order_lines VALUES(627,'O2025-11-27-b21be67e','017005',1,1480,1480,'2025-11-28','600502');
INSERT INTO order_lines VALUES(628,'O2025-11-27-b21be67e','016019',1,6938,6938,'2025-11-28','600510');
INSERT INTO order_lines VALUES(629,'O2025-11-27-b21be67e','001018',1,1231,1231,'2025-11-28','888888');
INSERT INTO order_lines VALUES(630,'O2025-11-27-b21be67e','002007',1,735,735,'2025-11-28','888888');
INSERT INTO order_lines VALUES(631,'O2025-11-27-b21be67e','002009',1,821,821,'2025-11-28','888888');
INSERT INTO order_lines VALUES(632,'O2025-11-27-b21be67e','002012',1,1056,1056,'2025-11-28','888888');
INSERT INTO order_lines VALUES(633,'O2025-11-27-b21be67e','002015',1,1100,1100,'2025-11-28','888888');
INSERT INTO order_lines VALUES(634,'O2025-11-27-b21be67e','002019',1,1205,1205,'2025-11-28','888888');
INSERT INTO order_lines VALUES(635,'O2025-11-27-b21be67e','002029',1,1194,1194,'2025-11-28','888888');
INSERT INTO order_lines VALUES(636,'O2025-11-27-b21be67e','002075',1,700,700,'2025-11-28','888888');
INSERT INTO order_lines VALUES(637,'O2025-11-27-b21be67e','002340',1,924,924,'2025-11-28','888888');
INSERT INTO order_lines VALUES(638,'O2025-11-27-b21be67e','002341',1,390,390,'2025-11-28','888888');
INSERT INTO order_lines VALUES(639,'O2025-11-27-b21be67e','002356',1,1680,1680,'2025-11-28','888888');
INSERT INTO order_lines VALUES(640,'O2025-11-27-b21be67e','002365',1,552.5,552.5,'2025-11-28','888888');
INSERT INTO order_lines VALUES(641,'O2025-11-27-b21be67e','002397',1,792,792,'2025-11-28','888888');
INSERT INTO order_lines VALUES(642,'O2025-11-27-b21be67e','002455',1,1315,1315,'2025-11-28','888888');
INSERT INTO order_lines VALUES(643,'O2025-11-27-b21be67e','002460',1,1085,1085,'2025-11-28','888888');
INSERT INTO order_lines VALUES(644,'O2025-11-27-b21be67e','002501',1,2286,2286,'2025-11-28','888888');
INSERT INTO order_lines VALUES(645,'O2025-11-27-b21be67e','002590',1,1274,1274,'2025-11-28','888888');
INSERT INTO order_lines VALUES(646,'O2025-11-27-b21be67e','002625',1,327,327,'2025-11-28','888888');
INSERT INTO order_lines VALUES(647,'O2025-11-27-b21be67e','002654',1,1027,1027,'2025-11-28','888888');
INSERT INTO order_lines VALUES(648,'O2025-11-27-b21be67e','002677',1,1527,1527,'2025-11-28','888888');
INSERT INTO order_lines VALUES(649,'O2025-11-27-b21be67e','002703',1,1521,1521,'2025-11-28','888888');
INSERT INTO order_lines VALUES(650,'O2025-11-27-b21be67e','002711',1,932,932,'2025-11-28','888888');
INSERT INTO order_lines VALUES(651,'O2025-11-27-b21be67e','003050',1,1895,1895,'2025-11-28','888888');
INSERT INTO order_lines VALUES(652,'O2025-11-27-b21be67e','004044',1,497,497,'2025-11-28','888888');
INSERT INTO order_lines VALUES(653,'O2025-11-27-b21be67e','016035',1,777,777,'2025-11-28','888888');
INSERT INTO order_lines VALUES(654,'O2025-11-27-b21be67e','016048',1,456,456,'2025-11-28','888888');
INSERT INTO order_lines VALUES(655,'O2025-11-27-b21be67e','020018',1,170,170,'2025-11-28','888888');
INSERT INTO order_lines VALUES(656,'O2025-11-27-b21be67e','020084',1,283,283,'2025-11-28','888888');
INSERT INTO order_lines VALUES(657,'O2025-11-27-b21be67e','020090',1,330,330,'2025-11-28','888888');
INSERT INTO order_lines VALUES(658,'O2025-11-27-b21be67e','020187',1,122,122,'2025-11-28','888888');
INSERT INTO order_lines VALUES(659,'O2025-11-27-b21be67e','020207',1,209,209,'2025-11-28','888888');
INSERT INTO order_lines VALUES(660,'O2025-11-27-b21be67e','020301',1,219,219,'2025-11-28','888888');
INSERT INTO order_lines VALUES(661,'O2025-11-27-b21be67e','020302',1,292,292,'2025-11-28','888888');
INSERT INTO order_lines VALUES(662,'O2025-11-27-b21be67e','020332',1,1752,1752,'2025-11-28','888888');
INSERT INTO order_lines VALUES(663,'O2025-11-27-b21be67e','020345',1,1680,1680,'2025-11-28','888888');
INSERT INTO order_lines VALUES(664,'O2025-11-27-b21be67e','020355',1,230,230,'2025-11-28','888888');
INSERT INTO order_lines VALUES(665,'O2025-11-27-b21be67e','020382',1,319,319,'2025-11-28','888888');
INSERT INTO order_lines VALUES(747,'O2025-11-27-8f132609','015001',1,8919,8919,'2025-11-28','600502');
INSERT INTO order_lines VALUES(748,'O2025-11-27-8f132609','017005',1,1480,1480,'2025-11-28','600502');
INSERT INTO order_lines VALUES(749,'O2025-11-27-8f132609','016019',1,6938,6938,'2025-11-28','600510');
INSERT INTO order_lines VALUES(750,'O2025-11-27-8f132609','001018',1,1231,1231,'2025-11-28','888888');
INSERT INTO order_lines VALUES(751,'O2025-11-27-8f132609','002007',1,735,735,'2025-11-28','888888');
INSERT INTO order_lines VALUES(752,'O2025-11-27-8f132609','002009',1,821,821,'2025-11-28','888888');
INSERT INTO order_lines VALUES(753,'O2025-11-27-8f132609','002012',1,1056,1056,'2025-11-28','888888');
INSERT INTO order_lines VALUES(754,'O2025-11-27-8f132609','002015',1,1100,1100,'2025-11-28','888888');
INSERT INTO order_lines VALUES(755,'O2025-11-27-8f132609','002019',1,1205,1205,'2025-11-28','888888');
INSERT INTO order_lines VALUES(756,'O2025-11-27-8f132609','002029',1,1194,1194,'2025-11-28','888888');
INSERT INTO order_lines VALUES(757,'O2025-11-27-8f132609','002075',1,700,700,'2025-11-28','888888');
INSERT INTO order_lines VALUES(758,'O2025-11-27-8f132609','002340',1,924,924,'2025-11-28','888888');
INSERT INTO order_lines VALUES(759,'O2025-11-27-8f132609','002341',1,390,390,'2025-11-28','888888');
INSERT INTO order_lines VALUES(760,'O2025-11-27-8f132609','002356',1,1680,1680,'2025-11-28','888888');
INSERT INTO order_lines VALUES(761,'O2025-11-27-8f132609','002365',1,552.5,552.5,'2025-11-28','888888');
INSERT INTO order_lines VALUES(762,'O2025-11-27-8f132609','002397',1,792,792,'2025-11-28','888888');
INSERT INTO order_lines VALUES(763,'O2025-11-27-8f132609','002455',1,1315,1315,'2025-11-28','888888');
INSERT INTO order_lines VALUES(764,'O2025-11-27-8f132609','002460',1,1085,1085,'2025-11-28','888888');
INSERT INTO order_lines VALUES(765,'O2025-11-27-8f132609','002501',1,2286,2286,'2025-11-28','888888');
INSERT INTO order_lines VALUES(766,'O2025-11-27-8f132609','002590',1,1274,1274,'2025-11-28','888888');
INSERT INTO order_lines VALUES(767,'O2025-11-27-8f132609','002625',1,327,327,'2025-11-28','888888');
INSERT INTO order_lines VALUES(768,'O2025-11-27-8f132609','002654',1,1027,1027,'2025-11-28','888888');
INSERT INTO order_lines VALUES(769,'O2025-11-27-8f132609','002677',1,1527,1527,'2025-11-28','888888');
INSERT INTO order_lines VALUES(770,'O2025-11-27-8f132609','002703',1,1521,1521,'2025-11-28','888888');
INSERT INTO order_lines VALUES(771,'O2025-11-27-8f132609','002711',1,932,932,'2025-11-28','888888');
INSERT INTO order_lines VALUES(772,'O2025-11-27-8f132609','003045',1,382,382,'2025-11-28','888888');
INSERT INTO order_lines VALUES(773,'O2025-11-27-8f132609','003050',1,1895,1895,'2025-11-28','888888');
INSERT INTO order_lines VALUES(774,'O2025-11-27-8f132609','004044',1,497,497,'2025-11-28','888888');
INSERT INTO order_lines VALUES(775,'O2025-11-27-8f132609','016035',1,777,777,'2025-11-28','888888');
INSERT INTO order_lines VALUES(776,'O2025-11-27-8f132609','016048',1,456,456,'2025-11-28','888888');
INSERT INTO order_lines VALUES(777,'O2025-11-27-8f132609','020018',1,170,170,'2025-11-28','888888');
INSERT INTO order_lines VALUES(778,'O2025-11-27-8f132609','020084',1,283,283,'2025-11-28','888888');
INSERT INTO order_lines VALUES(779,'O2025-11-27-8f132609','020090',1,330,330,'2025-11-28','888888');
INSERT INTO order_lines VALUES(780,'O2025-11-27-8f132609','020187',1,122,122,'2025-11-28','888888');
INSERT INTO order_lines VALUES(781,'O2025-11-27-8f132609','020207',1,209,209,'2025-11-28','888888');
INSERT INTO order_lines VALUES(782,'O2025-11-27-8f132609','020301',1,219,219,'2025-11-28','888888');
INSERT INTO order_lines VALUES(783,'O2025-11-27-8f132609','020302',1,292,292,'2025-11-28','888888');
INSERT INTO order_lines VALUES(784,'O2025-11-27-8f132609','020332',1,1752,1752,'2025-11-28','888888');
INSERT INTO order_lines VALUES(785,'O2025-11-27-8f132609','020345',1,1680,1680,'2025-11-28','888888');
INSERT INTO order_lines VALUES(786,'O2025-11-27-8f132609','020355',1,230,230,'2025-11-28','888888');
INSERT INTO order_lines VALUES(787,'O2025-11-27-8f132609','020382',1,319,319,'2025-11-28','888888');
INSERT INTO order_lines VALUES(803,'O2025-11-28-bf168b3e','001001',5,24600,123000,'2025-12-01','100011');
INSERT INTO order_lines VALUES(804,'O2025-11-28-bf168b3e','011004',5,750,3750,'2025-12-01','700004');
INSERT INTO order_lines VALUES(809,'O2025-11-28-2942d747','001001',1,24600,24600,'2025-12-01','100011');
INSERT INTO order_lines VALUES(810,'O2025-11-28-2942d747','015001',1,8919,8919,'2025-11-29','600502');
INSERT INTO order_lines VALUES(811,'O2025-11-28-2942d747','017005',1,1480,1480,'2025-11-29','600502');
INSERT INTO order_lines VALUES(812,'O2025-11-28-2942d747','016019',1,6938,6938,'2025-11-29','600510');
INSERT INTO order_lines VALUES(813,'O2025-11-28-2942d747','011004',1,750,750,'2025-12-01','700004');
INSERT INTO order_lines VALUES(814,'O2025-11-29-a7be1ebb','001001',5,24600,123000,'2025-12-01','100011');
INSERT INTO order_lines VALUES(815,'O2025-11-29-a7be1ebb','011004',5,960,4800,'2025-12-01','700021');
INSERT INTO order_lines VALUES(836,'O2025-11-30-814fb15e','001001',1,24600,24600,'2025-12-03','100011');
INSERT INTO order_lines VALUES(837,'O2025-11-30-814fb15e','015001',1,8919,8919,'2025-11-30','600502');
INSERT INTO order_lines VALUES(838,'O2025-11-30-814fb15e','017005',1,1480,1480,'2025-11-30','600502');
INSERT INTO order_lines VALUES(839,'O2025-11-30-814fb15e','011004',1,750,750,'2025-12-03','700004');
INSERT INTO order_lines VALUES(840,'O2025-11-30-8c5d11ec','001001',1,24600,24600,'2025-12-03','100011');
INSERT INTO order_lines VALUES(841,'O2025-11-30-8c5d11ec','015001',1,8919,8919,'2025-11-30','600502');
INSERT INTO order_lines VALUES(842,'O2025-11-30-8c5d11ec','017005',1,1480,1480,'2025-11-30','600502');
INSERT INTO order_lines VALUES(843,'O2025-11-30-8c5d11ec','011004',1,750,750,'2025-12-03','700004');
INSERT INTO order_lines VALUES(844,'O2025-11-30-caddbf5b','001001',1,24600,24600,'2025-12-03','100011');
INSERT INTO order_lines VALUES(845,'O2025-11-30-caddbf5b','015001',1,8919,8919,'2025-11-30','600502');
INSERT INTO order_lines VALUES(846,'O2025-11-30-caddbf5b','017005',1,1480,1480,'2025-11-30','600502');
INSERT INTO order_lines VALUES(848,'O2025-11-30-0404a4cf','015001',1,8919,8919,'2025-12-01','600502');
INSERT INTO order_lines VALUES(849,'O2025-11-30-0404a4cf','017005',1,1480,1480,'2025-12-01','600502');
INSERT INTO order_lines VALUES(850,'O2025-11-30-0404a4cf','016019',1,6938,6938,'2025-12-01','600510');
INSERT INTO order_lines VALUES(851,'O2025-11-30-0404a4cf','001018',1,1231,1231,'2025-12-01','888888');
INSERT INTO order_lines VALUES(852,'O2025-11-30-0404a4cf','002007',1,735,735,'2025-12-01','888888');
INSERT INTO order_lines VALUES(853,'O2025-11-30-0404a4cf','002009',1,821,821,'2025-12-01','888888');
INSERT INTO order_lines VALUES(854,'O2025-11-30-0404a4cf','002012',1,1056,1056,'2025-12-01','888888');
INSERT INTO order_lines VALUES(855,'O2025-11-30-0404a4cf','002015',1,1100,1100,'2025-12-01','888888');
INSERT INTO order_lines VALUES(856,'O2025-11-30-0404a4cf','002019',1,1205,1205,'2025-12-01','888888');
INSERT INTO order_lines VALUES(857,'O2025-11-30-0404a4cf','002029',1,1194,1194,'2025-12-01','888888');
INSERT INTO order_lines VALUES(858,'O2025-11-30-0404a4cf','002075',1,700,700,'2025-12-01','888888');
INSERT INTO order_lines VALUES(859,'O2025-11-30-0404a4cf','002340',1,924,924,'2025-12-01','888888');
INSERT INTO order_lines VALUES(860,'O2025-11-30-0404a4cf','002341',1,390,390,'2025-12-01','888888');
INSERT INTO order_lines VALUES(861,'O2025-11-30-0404a4cf','002356',1,1680,1680,'2025-12-01','888888');
INSERT INTO order_lines VALUES(862,'O2025-11-30-0404a4cf','002365',1,552.5,552.5,'2025-12-01','888888');
INSERT INTO order_lines VALUES(863,'O2025-11-30-0404a4cf','002397',1,792,792,'2025-12-01','888888');
INSERT INTO order_lines VALUES(864,'O2025-11-30-0404a4cf','002455',1,1315,1315,'2025-12-01','888888');
INSERT INTO order_lines VALUES(865,'O2025-11-30-0404a4cf','002460',1,1085,1085,'2025-12-01','888888');
INSERT INTO order_lines VALUES(866,'O2025-11-30-0404a4cf','002501',1,2286,2286,'2025-12-01','888888');
INSERT INTO order_lines VALUES(867,'O2025-11-30-0404a4cf','002590',1,1274,1274,'2025-12-01','888888');
INSERT INTO order_lines VALUES(868,'O2025-11-30-0404a4cf','002625',1,327,327,'2025-12-01','888888');
INSERT INTO order_lines VALUES(869,'O2025-11-30-0404a4cf','002654',1,1027,1027,'2025-12-01','888888');
INSERT INTO order_lines VALUES(870,'O2025-11-30-0404a4cf','002677',1,1527,1527,'2025-12-01','888888');
INSERT INTO order_lines VALUES(871,'O2025-11-30-0404a4cf','002703',1,1521,1521,'2025-12-01','888888');
INSERT INTO order_lines VALUES(872,'O2025-11-30-0404a4cf','002711',1,932,932,'2025-12-01','888888');
INSERT INTO order_lines VALUES(873,'O2025-11-30-0404a4cf','003045',1,382,382,'2025-12-01','888888');
INSERT INTO order_lines VALUES(874,'O2025-11-30-0404a4cf','003050',1,1895,1895,'2025-12-01','888888');
INSERT INTO order_lines VALUES(875,'O2025-11-30-0404a4cf','004044',1,497,497,'2025-12-01','888888');
INSERT INTO order_lines VALUES(876,'O2025-11-30-0404a4cf','016035',1,777,777,'2025-12-01','888888');
INSERT INTO order_lines VALUES(877,'O2025-11-30-0404a4cf','016048',1,456,456,'2025-12-01','888888');
INSERT INTO order_lines VALUES(878,'O2025-11-30-0404a4cf','020018',1,170,170,'2025-12-01','888888');
INSERT INTO order_lines VALUES(879,'O2025-11-30-0404a4cf','020084',1,283,283,'2025-12-01','888888');
INSERT INTO order_lines VALUES(880,'O2025-11-30-0404a4cf','020090',1,330,330,'2025-12-01','888888');
INSERT INTO order_lines VALUES(881,'O2025-11-30-0404a4cf','020187',1,122,122,'2025-12-01','888888');
INSERT INTO order_lines VALUES(882,'O2025-11-30-0404a4cf','020207',1,209,209,'2025-12-01','888888');
INSERT INTO order_lines VALUES(883,'O2025-11-30-0404a4cf','020301',1,219,219,'2025-12-01','888888');
INSERT INTO order_lines VALUES(884,'O2025-11-30-0404a4cf','020302',1,292,292,'2025-12-01','888888');
INSERT INTO order_lines VALUES(885,'O2025-11-30-0404a4cf','020332',1,1752,1752,'2025-12-01','888888');
INSERT INTO order_lines VALUES(886,'O2025-11-30-0404a4cf','020345',1,1680,1680,'2025-12-01','888888');
INSERT INTO order_lines VALUES(887,'O2025-11-30-0404a4cf','020355',1,230,230,'2025-12-01','888888');
INSERT INTO order_lines VALUES(888,'O2025-11-30-0404a4cf','020382',1,319,319,'2025-12-01','888888');
INSERT INTO order_lines VALUES(889,'O2025-12-01-b457df00','001018',1,1231,1231,'2025-12-01','888888');
INSERT INTO order_lines VALUES(890,'O2025-12-01-b457df00','002007',1,735,735,'2025-12-01','888888');
INSERT INTO order_lines VALUES(891,'O2025-12-01-b457df00','002009',1,821,821,'2025-12-01','888888');
INSERT INTO order_lines VALUES(892,'O2025-12-01-b457df00','002012',1,1056,1056,'2025-12-01','888888');
INSERT INTO order_lines VALUES(893,'O2025-12-01-b457df00','002015',1,1100,1100,'2025-12-01','888888');
INSERT INTO order_lines VALUES(894,'O2025-12-01-b457df00','002019',1,1205,1205,'2025-12-01','888888');
INSERT INTO order_lines VALUES(895,'O2025-12-01-b457df00','002029',1,1194,1194,'2025-12-01','888888');
INSERT INTO order_lines VALUES(896,'O2025-12-01-b457df00','002075',1,700,700,'2025-12-01','888888');
INSERT INTO order_lines VALUES(897,'O2025-12-01-b457df00','002340',1,924,924,'2025-12-01','888888');
INSERT INTO order_lines VALUES(898,'O2025-12-01-b457df00','002341',1,390,390,'2025-12-01','888888');
INSERT INTO order_lines VALUES(899,'O2025-12-01-b457df00','002356',1,1680,1680,'2025-12-01','888888');
INSERT INTO order_lines VALUES(900,'O2025-12-01-b457df00','002365',1,552.5,552.5,'2025-12-01','888888');
INSERT INTO order_lines VALUES(901,'O2025-12-01-b457df00','002397',1,792,792,'2025-12-01','888888');
INSERT INTO order_lines VALUES(902,'O2025-12-01-b457df00','002455',1,1315,1315,'2025-12-01','888888');
INSERT INTO order_lines VALUES(903,'O2025-12-01-b457df00','002460',1,1085,1085,'2025-12-01','888888');
INSERT INTO order_lines VALUES(904,'O2025-12-01-b457df00','002501',1,2286,2286,'2025-12-01','888888');
INSERT INTO order_lines VALUES(905,'O2025-12-01-b457df00','002590',1,1274,1274,'2025-12-01','888888');
INSERT INTO order_lines VALUES(906,'O2025-12-01-b457df00','002625',1,327,327,'2025-12-01','888888');
INSERT INTO order_lines VALUES(907,'O2025-12-01-b457df00','002654',1,1027,1027,'2025-12-01','888888');
INSERT INTO order_lines VALUES(908,'O2025-12-01-b457df00','002677',1,1527,1527,'2025-12-01','888888');
INSERT INTO order_lines VALUES(909,'O2025-12-01-b457df00','002703',1,1521,1521,'2025-12-01','888888');
INSERT INTO order_lines VALUES(910,'O2025-12-01-b457df00','002711',1,932,932,'2025-12-01','888888');
INSERT INTO order_lines VALUES(911,'O2025-12-01-b457df00','003045',1,382,382,'2025-12-01','888888');
INSERT INTO order_lines VALUES(912,'O2025-12-01-b457df00','003050',1,1895,1895,'2025-12-01','888888');
INSERT INTO order_lines VALUES(913,'O2025-12-01-b457df00','004044',1,497,497,'2025-12-01','888888');
INSERT INTO order_lines VALUES(914,'O2025-12-01-b457df00','016035',1,777,777,'2025-12-01','888888');
INSERT INTO order_lines VALUES(915,'O2025-12-01-b457df00','016048',1,456,456,'2025-12-01','888888');
INSERT INTO order_lines VALUES(916,'O2025-12-01-b457df00','020018',1,170,170,'2025-12-01','888888');
INSERT INTO order_lines VALUES(917,'O2025-12-01-b457df00','020084',1,283,283,'2025-12-01','888888');
INSERT INTO order_lines VALUES(918,'O2025-12-01-b457df00','020090',1,330,330,'2025-12-01','888888');
INSERT INTO order_lines VALUES(919,'O2025-12-01-b457df00','020187',1,122,122,'2025-12-01','888888');
INSERT INTO order_lines VALUES(920,'O2025-12-01-b457df00','020207',1,209,209,'2025-12-01','888888');
INSERT INTO order_lines VALUES(921,'O2025-12-01-b457df00','020301',1,219,219,'2025-12-01','888888');
INSERT INTO order_lines VALUES(922,'O2025-12-01-b457df00','020302',1,292,292,'2025-12-01','888888');
INSERT INTO order_lines VALUES(923,'O2025-12-01-b457df00','020332',1,1752,1752,'2025-12-01','888888');
INSERT INTO order_lines VALUES(924,'O2025-12-01-b457df00','020345',1,1680,1680,'2025-12-01','888888');
INSERT INTO order_lines VALUES(925,'O2025-12-01-b457df00','020355',1,230,230,'2025-12-01','888888');
INSERT INTO order_lines VALUES(926,'O2025-12-01-b457df00','020382',1,319,319,'2025-12-01','888888');
INSERT INTO order_lines VALUES(927,'O2025-12-01-f8ae1981','015001',1,8919,8919,'2025-12-01','600502');
INSERT INTO order_lines VALUES(928,'O2025-12-01-f8ae1981','017005',1,1480,1480,'2025-12-01','600502');
INSERT INTO order_lines VALUES(929,'O2025-12-01-f8ae1981','016019',1,6938,6938,'2025-12-01','600510');
INSERT INTO order_lines VALUES(930,'O2025-12-01-f8ae1981','001018',1,1231,1231,'2025-12-01','888888');
INSERT INTO order_lines VALUES(931,'O2025-12-01-f8ae1981','002007',1,735,735,'2025-12-01','888888');
INSERT INTO order_lines VALUES(932,'O2025-12-01-f8ae1981','002009',1,821,821,'2025-12-01','888888');
INSERT INTO order_lines VALUES(933,'O2025-12-01-f8ae1981','002012',1,1056,1056,'2025-12-01','888888');
INSERT INTO order_lines VALUES(934,'O2025-12-01-f8ae1981','002015',1,1100,1100,'2025-12-01','888888');
INSERT INTO order_lines VALUES(935,'O2025-12-01-f8ae1981','002019',1,1205,1205,'2025-12-01','888888');
INSERT INTO order_lines VALUES(936,'O2025-12-01-f8ae1981','002029',1,1194,1194,'2025-12-01','888888');
INSERT INTO order_lines VALUES(937,'O2025-12-01-f8ae1981','002075',1,700,700,'2025-12-01','888888');
INSERT INTO order_lines VALUES(938,'O2025-12-01-f8ae1981','002340',1,924,924,'2025-12-01','888888');
INSERT INTO order_lines VALUES(939,'O2025-12-01-f8ae1981','002341',1,390,390,'2025-12-01','888888');
INSERT INTO order_lines VALUES(940,'O2025-12-01-f8ae1981','002356',1,1680,1680,'2025-12-01','888888');
INSERT INTO order_lines VALUES(941,'O2025-12-01-f8ae1981','002365',1,552.5,552.5,'2025-12-01','888888');
INSERT INTO order_lines VALUES(942,'O2025-12-01-f8ae1981','002397',1,792,792,'2025-12-01','888888');
INSERT INTO order_lines VALUES(943,'O2025-12-01-f8ae1981','002455',1,1315,1315,'2025-12-01','888888');
INSERT INTO order_lines VALUES(944,'O2025-12-01-f8ae1981','002460',1,1085,1085,'2025-12-01','888888');
INSERT INTO order_lines VALUES(945,'O2025-12-01-f8ae1981','002501',1,2286,2286,'2025-12-01','888888');
INSERT INTO order_lines VALUES(946,'O2025-12-01-f8ae1981','002590',1,1274,1274,'2025-12-01','888888');
INSERT INTO order_lines VALUES(947,'O2025-12-01-f8ae1981','002625',1,327,327,'2025-12-01','888888');
INSERT INTO order_lines VALUES(948,'O2025-12-01-f8ae1981','002654',1,1027,1027,'2025-12-01','888888');
INSERT INTO order_lines VALUES(949,'O2025-12-01-f8ae1981','002677',1,1527,1527,'2025-12-01','888888');
INSERT INTO order_lines VALUES(950,'O2025-12-01-f8ae1981','002703',1,1521,1521,'2025-12-01','888888');
INSERT INTO order_lines VALUES(951,'O2025-12-01-f8ae1981','002711',1,932,932,'2025-12-01','888888');
INSERT INTO order_lines VALUES(952,'O2025-12-01-f8ae1981','003050',1,1895,1895,'2025-12-01','888888');
INSERT INTO order_lines VALUES(953,'O2025-12-01-f8ae1981','004044',1,497,497,'2025-12-01','888888');
INSERT INTO order_lines VALUES(954,'O2025-12-01-f8ae1981','016035',1,777,777,'2025-12-01','888888');
INSERT INTO order_lines VALUES(955,'O2025-12-01-f8ae1981','016048',1,456,456,'2025-12-01','888888');
INSERT INTO order_lines VALUES(956,'O2025-12-01-f8ae1981','020018',1,170,170,'2025-12-01','888888');
INSERT INTO order_lines VALUES(957,'O2025-12-01-f8ae1981','020084',1,283,283,'2025-12-01','888888');
INSERT INTO order_lines VALUES(958,'O2025-12-01-f8ae1981','020090',1,330,330,'2025-12-01','888888');
INSERT INTO order_lines VALUES(959,'O2025-12-01-f8ae1981','020187',1,122,122,'2025-12-01','888888');
INSERT INTO order_lines VALUES(960,'O2025-12-01-f8ae1981','020207',1,209,209,'2025-12-01','888888');
INSERT INTO order_lines VALUES(961,'O2025-12-01-f8ae1981','020301',1,219,219,'2025-12-01','888888');
INSERT INTO order_lines VALUES(962,'O2025-12-01-f8ae1981','020302',1,292,292,'2025-12-01','888888');
INSERT INTO order_lines VALUES(963,'O2025-12-01-f8ae1981','020332',1,1752,1752,'2025-12-01','888888');
INSERT INTO order_lines VALUES(964,'O2025-12-01-f8ae1981','020345',1,1680,1680,'2025-12-01','888888');
INSERT INTO order_lines VALUES(965,'O2025-12-01-f8ae1981','020355',1,230,230,'2025-12-01','888888');
INSERT INTO order_lines VALUES(966,'O2025-12-01-f8ae1981','020382',1,319,319,'2025-12-01','888888');
INSERT INTO order_lines VALUES(967,'O2025-12-09-96dd3dcf','001001',10,24600,246000,'2025-12-10','100011');
INSERT INTO order_lines VALUES(968,'O2025-12-09-9df7ccef','001001',10,24600,246000,'2025-12-10','100011');
INSERT INTO order_lines VALUES(969,'O2025-12-09-9df7ccef','015001',10,8919,89190,'2025-12-09','600502');
INSERT INTO order_lines VALUES(970,'O2025-12-09-9df7ccef','017005',5,1480,7400,'2025-12-09','600502');
INSERT INTO order_lines VALUES(971,'O2025-12-09-9df7ccef','016019',5,6938,34690,'2025-12-09','600510');
INSERT INTO order_lines VALUES(972,'O2025-12-09-4650980e','001001',10,24600,246000,'2025-12-10','100011');
INSERT INTO order_lines VALUES(973,'O2025-12-09-4d7388af','015001',10,8919,89190,'2025-12-10','600502');
INSERT INTO order_lines VALUES(974,'O2025-12-09-4d7388af','017005',5,1480,7400,'2025-12-10','600502');
INSERT INTO order_lines VALUES(975,'O2025-12-09-4d7388af','016019',5,6938,34690,'2025-12-10','600510');
INSERT INTO order_lines VALUES(976,'O2025-12-09-4d7388af','011004',10,750,7500,'2025-12-11','700004');
INSERT INTO order_lines VALUES(977,'O2025-12-09-4d7388af','001018',1,1231,1231,'2025-12-10','888888');
INSERT INTO order_lines VALUES(978,'O2025-12-09-4d7388af','002007',1,735,735,'2025-12-10','888888');
INSERT INTO order_lines VALUES(979,'O2025-12-09-4d7388af','002009',1,821,821,'2025-12-10','888888');
INSERT INTO order_lines VALUES(980,'O2025-12-09-4d7388af','002012',1,1056,1056,'2025-12-10','888888');
INSERT INTO order_lines VALUES(981,'O2025-12-09-4d7388af','002015',1,1100,1100,'2025-12-10','888888');
INSERT INTO order_lines VALUES(982,'O2025-12-09-4d7388af','002019',1,1205,1205,'2025-12-10','888888');
INSERT INTO order_lines VALUES(983,'O2025-12-09-4d7388af','002029',1,1194,1194,'2025-12-10','888888');
INSERT INTO order_lines VALUES(984,'O2025-12-09-4d7388af','002075',1,700,700,'2025-12-10','888888');
INSERT INTO order_lines VALUES(985,'O2025-12-09-4d7388af','002340',1,924,924,'2025-12-10','888888');
INSERT INTO order_lines VALUES(986,'O2025-12-09-4d7388af','002341',1,390,390,'2025-12-10','888888');
INSERT INTO order_lines VALUES(987,'O2025-12-09-4d7388af','002356',1,1680,1680,'2025-12-10','888888');
INSERT INTO order_lines VALUES(988,'O2025-12-09-4d7388af','002365',1,552.5,552.5,'2025-12-10','888888');
INSERT INTO order_lines VALUES(989,'O2025-12-09-4d7388af','002397',1,792,792,'2025-12-10','888888');
INSERT INTO order_lines VALUES(990,'O2025-12-09-4d7388af','002455',1,1315,1315,'2025-12-10','888888');
INSERT INTO order_lines VALUES(991,'O2025-12-09-4d7388af','002460',1,1085,1085,'2025-12-10','888888');
INSERT INTO order_lines VALUES(992,'O2025-12-09-4d7388af','002501',1,2286,2286,'2025-12-10','888888');
INSERT INTO order_lines VALUES(993,'O2025-12-09-4d7388af','002590',1,1274,1274,'2025-12-10','888888');
INSERT INTO order_lines VALUES(994,'O2025-12-09-4d7388af','002625',1,327,327,'2025-12-10','888888');
INSERT INTO order_lines VALUES(995,'O2025-12-09-4d7388af','002654',1,1027,1027,'2025-12-10','888888');
INSERT INTO order_lines VALUES(996,'O2025-12-09-4d7388af','002677',1,1527,1527,'2025-12-10','888888');
INSERT INTO order_lines VALUES(997,'O2025-12-09-4d7388af','002703',1,1521,1521,'2025-12-10','888888');
INSERT INTO order_lines VALUES(998,'O2025-12-09-4d7388af','002711',1,932,932,'2025-12-10','888888');
INSERT INTO order_lines VALUES(999,'O2025-12-09-4d7388af','003045',1,382,382,'2025-12-10','888888');
INSERT INTO order_lines VALUES(1000,'O2025-12-09-4d7388af','003050',1,1895,1895,'2025-12-10','888888');
INSERT INTO order_lines VALUES(1001,'O2025-12-09-4d7388af','004044',1,497,497,'2025-12-10','888888');
INSERT INTO order_lines VALUES(1002,'O2025-12-09-4d7388af','016035',1,777,777,'2025-12-10','888888');
INSERT INTO order_lines VALUES(1003,'O2025-12-09-4d7388af','016048',1,456,456,'2025-12-10','888888');
INSERT INTO order_lines VALUES(1004,'O2025-12-09-4d7388af','020018',1,170,170,'2025-12-10','888888');
INSERT INTO order_lines VALUES(1005,'O2025-12-09-4d7388af','020084',1,283,283,'2025-12-10','888888');
INSERT INTO order_lines VALUES(1006,'O2025-12-09-4d7388af','020090',1,330,330,'2025-12-10','888888');
INSERT INTO order_lines VALUES(1007,'O2025-12-09-4d7388af','020187',1,122,122,'2025-12-10','888888');
INSERT INTO order_lines VALUES(1008,'O2025-12-09-4d7388af','020207',1,209,209,'2025-12-10','888888');
INSERT INTO order_lines VALUES(1009,'O2025-12-09-4d7388af','020301',1,219,219,'2025-12-10','888888');
INSERT INTO order_lines VALUES(1010,'O2025-12-09-4d7388af','020302',1,292,292,'2025-12-10','888888');
INSERT INTO order_lines VALUES(1011,'O2025-12-09-4d7388af','020332',1,1752,1752,'2025-12-10','888888');
INSERT INTO order_lines VALUES(1012,'O2025-12-09-4d7388af','020345',1,1680,1680,'2025-12-10','888888');
INSERT INTO order_lines VALUES(1013,'O2025-12-09-4d7388af','020355',1,230,230,'2025-12-10','888888');
INSERT INTO order_lines VALUES(1014,'O2025-12-09-4d7388af','020382',1,319,319,'2025-12-10','888888');
INSERT INTO order_lines VALUES(1015,'O2025-12-09-f5d667ce','011004',10,750,7500,'2025-12-11','700004');
INSERT INTO order_lines VALUES(1016,'O2025-12-09-f5d667ce','001018',1,1231,1231,'2025-12-10','888888');
INSERT INTO order_lines VALUES(1017,'O2025-12-09-f5d667ce','002007',1,735,735,'2025-12-10','888888');
INSERT INTO order_lines VALUES(1018,'O2025-12-09-f5d667ce','002009',1,821,821,'2025-12-10','888888');
INSERT INTO order_lines VALUES(1019,'O2025-12-09-f5d667ce','002012',1,1056,1056,'2025-12-10','888888');
INSERT INTO order_lines VALUES(1020,'O2025-12-09-f5d667ce','002015',1,1100,1100,'2025-12-10','888888');
INSERT INTO order_lines VALUES(1021,'O2025-12-09-f5d667ce','002019',1,1205,1205,'2025-12-10','888888');
INSERT INTO order_lines VALUES(1022,'O2025-12-09-f5d667ce','002029',1,1194,1194,'2025-12-10','888888');
INSERT INTO order_lines VALUES(1023,'O2025-12-09-f5d667ce','002075',1,700,700,'2025-12-10','888888');
INSERT INTO order_lines VALUES(1024,'O2025-12-09-f5d667ce','002340',1,924,924,'2025-12-10','888888');
INSERT INTO order_lines VALUES(1025,'O2025-12-09-f5d667ce','002341',1,390,390,'2025-12-10','888888');
INSERT INTO order_lines VALUES(1026,'O2025-12-09-f5d667ce','002356',1,1680,1680,'2025-12-10','888888');
INSERT INTO order_lines VALUES(1027,'O2025-12-09-f5d667ce','002365',1,552.5,552.5,'2025-12-10','888888');
INSERT INTO order_lines VALUES(1028,'O2025-12-09-f5d667ce','002397',1,792,792,'2025-12-10','888888');
INSERT INTO order_lines VALUES(1029,'O2025-12-09-f5d667ce','002455',1,1315,1315,'2025-12-10','888888');
INSERT INTO order_lines VALUES(1030,'O2025-12-09-f5d667ce','002460',1,1085,1085,'2025-12-10','888888');
INSERT INTO order_lines VALUES(1031,'O2025-12-09-f5d667ce','002501',1,2286,2286,'2025-12-10','888888');
INSERT INTO order_lines VALUES(1032,'O2025-12-09-f5d667ce','002590',1,1274,1274,'2025-12-10','888888');
INSERT INTO order_lines VALUES(1033,'O2025-12-09-f5d667ce','002625',1,327,327,'2025-12-10','888888');
INSERT INTO order_lines VALUES(1034,'O2025-12-09-f5d667ce','002654',1,1027,1027,'2025-12-10','888888');
INSERT INTO order_lines VALUES(1035,'O2025-12-09-f5d667ce','002677',1,1527,1527,'2025-12-10','888888');
INSERT INTO order_lines VALUES(1036,'O2025-12-09-f5d667ce','002703',1,1521,1521,'2025-12-10','888888');
INSERT INTO order_lines VALUES(1037,'O2025-12-09-f5d667ce','002711',1,932,932,'2025-12-10','888888');
INSERT INTO order_lines VALUES(1038,'O2025-12-09-f5d667ce','003045',1,382,382,'2025-12-10','888888');
INSERT INTO order_lines VALUES(1039,'O2025-12-09-f5d667ce','003050',1,1895,1895,'2025-12-10','888888');
INSERT INTO order_lines VALUES(1040,'O2025-12-09-f5d667ce','004044',1,497,497,'2025-12-10','888888');
INSERT INTO order_lines VALUES(1041,'O2025-12-09-f5d667ce','016035',1,777,777,'2025-12-10','888888');
INSERT INTO order_lines VALUES(1042,'O2025-12-09-f5d667ce','016048',1,456,456,'2025-12-10','888888');
INSERT INTO order_lines VALUES(1043,'O2025-12-09-f5d667ce','020018',1,170,170,'2025-12-10','888888');
INSERT INTO order_lines VALUES(1044,'O2025-12-09-f5d667ce','020084',1,283,283,'2025-12-10','888888');
INSERT INTO order_lines VALUES(1045,'O2025-12-09-f5d667ce','020090',1,330,330,'2025-12-10','888888');
INSERT INTO order_lines VALUES(1046,'O2025-12-09-f5d667ce','020187',1,122,122,'2025-12-10','888888');
INSERT INTO order_lines VALUES(1047,'O2025-12-09-f5d667ce','020207',1,209,209,'2025-12-10','888888');
INSERT INTO order_lines VALUES(1048,'O2025-12-09-f5d667ce','020301',1,219,219,'2025-12-10','888888');
INSERT INTO order_lines VALUES(1049,'O2025-12-09-f5d667ce','020302',1,292,292,'2025-12-10','888888');
INSERT INTO order_lines VALUES(1050,'O2025-12-09-f5d667ce','020332',1,1752,1752,'2025-12-10','888888');
INSERT INTO order_lines VALUES(1051,'O2025-12-09-f5d667ce','020345',1,1680,1680,'2025-12-10','888888');
INSERT INTO order_lines VALUES(1052,'O2025-12-09-f5d667ce','020355',1,230,230,'2025-12-10','888888');
INSERT INTO order_lines VALUES(1053,'O2025-12-09-f5d667ce','020382',1,319,319,'2025-12-10','888888');
INSERT INTO order_lines VALUES(1054,'O2025-12-09-a43620a4','015001',10,8919,89190,'2025-12-10','600502');
INSERT INTO order_lines VALUES(1055,'O2025-12-09-a43620a4','017005',5,1480,7400,'2025-12-10','600502');
INSERT INTO order_lines VALUES(1056,'O2025-12-09-a43620a4','016019',5,6938,34690,'2025-12-10','600510');
INSERT INTO order_lines VALUES(1057,'O2025-12-09-a43620a4','011004',10,960,9600,'2025-12-11','700021');
INSERT INTO order_lines VALUES(1058,'O2025-12-09-a43620a4','001018',1,1231,1231,'2025-12-10','888888');
INSERT INTO order_lines VALUES(1059,'O2025-12-09-a43620a4','002007',1,735,735,'2025-12-10','888888');
INSERT INTO order_lines VALUES(1060,'O2025-12-09-a43620a4','002009',1,821,821,'2025-12-10','888888');
INSERT INTO order_lines VALUES(1061,'O2025-12-09-a43620a4','002012',1,1056,1056,'2025-12-10','888888');
INSERT INTO order_lines VALUES(1062,'O2025-12-09-a43620a4','002015',1,1100,1100,'2025-12-10','888888');
INSERT INTO order_lines VALUES(1063,'O2025-12-09-a43620a4','002019',1,1205,1205,'2025-12-10','888888');
INSERT INTO order_lines VALUES(1064,'O2025-12-09-a43620a4','002029',1,1194,1194,'2025-12-10','888888');
INSERT INTO order_lines VALUES(1065,'O2025-12-09-a43620a4','002075',1,700,700,'2025-12-10','888888');
INSERT INTO order_lines VALUES(1066,'O2025-12-09-a43620a4','002340',1,924,924,'2025-12-10','888888');
INSERT INTO order_lines VALUES(1067,'O2025-12-09-a43620a4','002341',1,390,390,'2025-12-10','888888');
INSERT INTO order_lines VALUES(1068,'O2025-12-09-a43620a4','002356',1,1680,1680,'2025-12-10','888888');
INSERT INTO order_lines VALUES(1069,'O2025-12-09-a43620a4','002365',1,552.5,552.5,'2025-12-10','888888');
INSERT INTO order_lines VALUES(1070,'O2025-12-09-a43620a4','002397',1,792,792,'2025-12-10','888888');
INSERT INTO order_lines VALUES(1071,'O2025-12-09-a43620a4','002455',1,1315,1315,'2025-12-10','888888');
INSERT INTO order_lines VALUES(1072,'O2025-12-09-a43620a4','002460',1,1085,1085,'2025-12-10','888888');
INSERT INTO order_lines VALUES(1073,'O2025-12-09-a43620a4','002501',1,2286,2286,'2025-12-10','888888');
INSERT INTO order_lines VALUES(1074,'O2025-12-09-a43620a4','002590',1,1274,1274,'2025-12-10','888888');
INSERT INTO order_lines VALUES(1075,'O2025-12-09-a43620a4','002625',1,327,327,'2025-12-10','888888');
INSERT INTO order_lines VALUES(1076,'O2025-12-09-a43620a4','002654',1,1027,1027,'2025-12-10','888888');
INSERT INTO order_lines VALUES(1077,'O2025-12-09-a43620a4','002677',1,1527,1527,'2025-12-10','888888');
INSERT INTO order_lines VALUES(1078,'O2025-12-09-a43620a4','002703',1,1521,1521,'2025-12-10','888888');
INSERT INTO order_lines VALUES(1079,'O2025-12-09-a43620a4','002711',1,932,932,'2025-12-10','888888');
INSERT INTO order_lines VALUES(1080,'O2025-12-09-a43620a4','003050',1,1895,1895,'2025-12-10','888888');
INSERT INTO order_lines VALUES(1081,'O2025-12-09-a43620a4','004044',1,497,497,'2025-12-10','888888');
INSERT INTO order_lines VALUES(1082,'O2025-12-09-a43620a4','016035',1,777,777,'2025-12-10','888888');
INSERT INTO order_lines VALUES(1083,'O2025-12-09-a43620a4','016048',1,456,456,'2025-12-10','888888');
INSERT INTO order_lines VALUES(1084,'O2025-12-09-a43620a4','020018',1,170,170,'2025-12-10','888888');
INSERT INTO order_lines VALUES(1085,'O2025-12-09-a43620a4','020084',1,283,283,'2025-12-10','888888');
INSERT INTO order_lines VALUES(1086,'O2025-12-09-a43620a4','020090',1,330,330,'2025-12-10','888888');
INSERT INTO order_lines VALUES(1087,'O2025-12-09-a43620a4','020187',1,122,122,'2025-12-10','888888');
INSERT INTO order_lines VALUES(1088,'O2025-12-09-a43620a4','020207',1,209,209,'2025-12-10','888888');
INSERT INTO order_lines VALUES(1089,'O2025-12-09-a43620a4','020301',1,219,219,'2025-12-10','888888');
INSERT INTO order_lines VALUES(1090,'O2025-12-09-a43620a4','020302',1,292,292,'2025-12-10','888888');
INSERT INTO order_lines VALUES(1091,'O2025-12-09-a43620a4','020332',1,1752,1752,'2025-12-10','888888');
INSERT INTO order_lines VALUES(1092,'O2025-12-09-a43620a4','020345',1,1680,1680,'2025-12-10','888888');
INSERT INTO order_lines VALUES(1093,'O2025-12-09-a43620a4','020355',1,230,230,'2025-12-10','888888');
INSERT INTO order_lines VALUES(1094,'O2025-12-09-a43620a4','020382',1,319,319,'2025-12-10','888888');
CREATE TABLE vendor_items (
  id          INTEGER PRIMARY KEY AUTOINCREMENT,
  vendor_id   TEXT NOT NULL,
  item_id     TEXT NOT NULL,
  valid_from  DATE NOT NULL,      -- 'YYYY-MM-DD'
  valid_to    DATE,               -- NULL=当面有効
  UNIQUE (vendor_id, item_id, valid_from)
);
INSERT INTO vendor_items VALUES(13,'100011','001001','2009-01-01',NULL);
INSERT INTO vendor_items VALUES(14,'888888','001018','2009-01-01',NULL);
INSERT INTO vendor_items VALUES(15,'888888','002007','2009-01-01',NULL);
INSERT INTO vendor_items VALUES(16,'888888','002009','2009-01-01',NULL);
INSERT INTO vendor_items VALUES(17,'888888','002012','2009-01-01',NULL);
INSERT INTO vendor_items VALUES(18,'888888','002015','2009-01-01',NULL);
INSERT INTO vendor_items VALUES(19,'888888','002019','2009-01-01',NULL);
INSERT INTO vendor_items VALUES(20,'888888','002029','2009-01-01',NULL);
INSERT INTO vendor_items VALUES(21,'888888','002075','2009-01-01',NULL);
INSERT INTO vendor_items VALUES(22,'888888','002340','2009-01-01',NULL);
INSERT INTO vendor_items VALUES(23,'888888','002341','2009-01-01',NULL);
INSERT INTO vendor_items VALUES(24,'888888','002356','2009-01-01',NULL);
INSERT INTO vendor_items VALUES(25,'888888','002365','2009-01-01',NULL);
INSERT INTO vendor_items VALUES(26,'888888','002397','2009-01-01',NULL);
INSERT INTO vendor_items VALUES(27,'888888','002455','2009-01-01',NULL);
INSERT INTO vendor_items VALUES(28,'888888','002460','2009-01-01',NULL);
INSERT INTO vendor_items VALUES(29,'888888','002501','2009-01-01',NULL);
INSERT INTO vendor_items VALUES(30,'888888','002586','2009-01-01',NULL);
INSERT INTO vendor_items VALUES(31,'888888','002590','2009-01-01',NULL);
INSERT INTO vendor_items VALUES(32,'888888','002625','2009-01-01',NULL);
INSERT INTO vendor_items VALUES(33,'888888','002654','2009-01-01',NULL);
INSERT INTO vendor_items VALUES(34,'888888','002677','2009-01-01',NULL);
INSERT INTO vendor_items VALUES(35,'888888','002703','2009-01-01',NULL);
INSERT INTO vendor_items VALUES(36,'888888','002711','2009-01-01',NULL);
INSERT INTO vendor_items VALUES(37,'888888','003045','2009-01-01',NULL);
INSERT INTO vendor_items VALUES(38,'888888','003050','2009-01-01',NULL);
INSERT INTO vendor_items VALUES(39,'888888','004044','2009-01-01',NULL);
INSERT INTO vendor_items VALUES(40,'700004','011004','2009-01-01',NULL);
INSERT INTO vendor_items VALUES(41,'700021','011004','2009-01-01',NULL);
INSERT INTO vendor_items VALUES(42,'600502','015001','2009-01-01',NULL);
INSERT INTO vendor_items VALUES(43,'600502','016019','2009-01-01',NULL);
INSERT INTO vendor_items VALUES(44,'600510','016019','2009-01-01',NULL);
INSERT INTO vendor_items VALUES(45,'888888','016035','2009-01-01',NULL);
INSERT INTO vendor_items VALUES(46,'888888','016048','2009-01-01',NULL);
INSERT INTO vendor_items VALUES(47,'600502','017005','2009-01-01',NULL);
INSERT INTO vendor_items VALUES(48,'600502','017011','2009-01-01',NULL);
INSERT INTO vendor_items VALUES(49,'888888','020018','2009-01-01',NULL);
INSERT INTO vendor_items VALUES(50,'888888','020084','2009-01-01',NULL);
INSERT INTO vendor_items VALUES(51,'888888','020090','2009-01-01',NULL);
INSERT INTO vendor_items VALUES(52,'888888','020187','2009-01-01',NULL);
INSERT INTO vendor_items VALUES(53,'888888','020207','2009-01-01',NULL);
INSERT INTO vendor_items VALUES(54,'888888','020301','2009-01-01',NULL);
INSERT INTO vendor_items VALUES(55,'888888','020302','2009-01-01',NULL);
INSERT INTO vendor_items VALUES(56,'888888','020332','2009-01-01',NULL);
INSERT INTO vendor_items VALUES(57,'888888','020345','2009-01-01',NULL);
INSERT INTO vendor_items VALUES(58,'888888','020355','2009-01-01',NULL);
INSERT INTO vendor_items VALUES(59,'888888','020382','2009-01-01',NULL);
CREATE TABLE store_vendor_items (
  id          INTEGER PRIMARY KEY AUTOINCREMENT,
  store_id    TEXT NOT NULL,
  vendor_id   TEXT NOT NULL,
  item_id     TEXT NOT NULL,
  valid_from  DATE NOT NULL,
  valid_to    DATE,
  UNIQUE (store_id, vendor_id, item_id, valid_from)
);
INSERT INTO store_vendor_items VALUES(23,'0002','100011','001001','2022-11-28',NULL);
INSERT INTO store_vendor_items VALUES(24,'0003','100011','001001','2022-11-28',NULL);
INSERT INTO store_vendor_items VALUES(25,'0004','100011','001001','2022-11-28',NULL);
INSERT INTO store_vendor_items VALUES(26,'0002','888888','001018','2025-03-18',NULL);
INSERT INTO store_vendor_items VALUES(27,'0003','888888','001018','2025-03-18',NULL);
INSERT INTO store_vendor_items VALUES(28,'0004','888888','001018','2025-03-18',NULL);
INSERT INTO store_vendor_items VALUES(29,'0002','888888','002007','2020-09-23',NULL);
INSERT INTO store_vendor_items VALUES(30,'0003','888888','002007','2020-09-23',NULL);
INSERT INTO store_vendor_items VALUES(31,'0004','888888','002007','2020-09-23',NULL);
INSERT INTO store_vendor_items VALUES(32,'0002','888888','002009','2019-01-07',NULL);
INSERT INTO store_vendor_items VALUES(33,'0003','888888','002009','2019-01-07',NULL);
INSERT INTO store_vendor_items VALUES(34,'0004','888888','002009','2019-01-07',NULL);
INSERT INTO store_vendor_items VALUES(35,'0002','888888','002012','2019-06-10',NULL);
INSERT INTO store_vendor_items VALUES(36,'0003','888888','002012','2019-06-10',NULL);
INSERT INTO store_vendor_items VALUES(37,'0004','888888','002012','2019-06-10',NULL);
INSERT INTO store_vendor_items VALUES(38,'0002','888888','002015','2009-01-01',NULL);
INSERT INTO store_vendor_items VALUES(39,'0003','888888','002015','2009-01-01',NULL);
INSERT INTO store_vendor_items VALUES(40,'0004','888888','002015','2009-01-01',NULL);
INSERT INTO store_vendor_items VALUES(41,'0002','888888','002019','2021-04-17',NULL);
INSERT INTO store_vendor_items VALUES(42,'0003','888888','002019','2021-04-17',NULL);
INSERT INTO store_vendor_items VALUES(43,'0004','888888','002019','2021-04-17',NULL);
INSERT INTO store_vendor_items VALUES(44,'0002','888888','002029','2009-01-01',NULL);
INSERT INTO store_vendor_items VALUES(45,'0003','888888','002029','2009-01-01',NULL);
INSERT INTO store_vendor_items VALUES(46,'0004','888888','002029','2009-01-01',NULL);
INSERT INTO store_vendor_items VALUES(47,'0002','888888','002075','2014-10-15',NULL);
INSERT INTO store_vendor_items VALUES(48,'0003','888888','002075','2014-07-28',NULL);
INSERT INTO store_vendor_items VALUES(49,'0004','888888','002075','2014-10-15',NULL);
INSERT INTO store_vendor_items VALUES(50,'0002','888888','002340','2025-06-15',NULL);
INSERT INTO store_vendor_items VALUES(51,'0003','888888','002340','2025-06-15',NULL);
INSERT INTO store_vendor_items VALUES(52,'0004','888888','002340','2025-06-15',NULL);
INSERT INTO store_vendor_items VALUES(53,'0002','888888','002341','2023-09-03',NULL);
INSERT INTO store_vendor_items VALUES(54,'0003','888888','002341','2023-09-03',NULL);
INSERT INTO store_vendor_items VALUES(55,'0004','888888','002341','2023-09-03',NULL);
INSERT INTO store_vendor_items VALUES(56,'0002','888888','002356','2023-01-01',NULL);
INSERT INTO store_vendor_items VALUES(57,'0003','888888','002356','2023-01-01',NULL);
INSERT INTO store_vendor_items VALUES(58,'0004','888888','002356','2023-01-01',NULL);
INSERT INTO store_vendor_items VALUES(59,'0002','888888','002365','2021-04-26',NULL);
INSERT INTO store_vendor_items VALUES(60,'0003','888888','002365','2021-04-26',NULL);
INSERT INTO store_vendor_items VALUES(61,'0004','888888','002365','2021-04-26',NULL);
INSERT INTO store_vendor_items VALUES(62,'0002','888888','002397','2025-07-25',NULL);
INSERT INTO store_vendor_items VALUES(63,'0003','888888','002397','2025-07-25',NULL);
INSERT INTO store_vendor_items VALUES(64,'0004','888888','002397','2025-07-25',NULL);
INSERT INTO store_vendor_items VALUES(65,'0002','888888','002455','2025-05-01',NULL);
INSERT INTO store_vendor_items VALUES(66,'0003','888888','002455','2025-05-01',NULL);
INSERT INTO store_vendor_items VALUES(67,'0004','888888','002455','2025-05-01',NULL);
INSERT INTO store_vendor_items VALUES(68,'0002','888888','002460','2019-12-02',NULL);
INSERT INTO store_vendor_items VALUES(69,'0003','888888','002460','2019-01-09',NULL);
INSERT INTO store_vendor_items VALUES(70,'0004','888888','002460','2018-12-10',NULL);
INSERT INTO store_vendor_items VALUES(71,'0002','888888','002501','2022-12-11',NULL);
INSERT INTO store_vendor_items VALUES(72,'0003','888888','002501','2022-12-11',NULL);
INSERT INTO store_vendor_items VALUES(73,'0004','888888','002501','2022-12-11',NULL);
INSERT INTO store_vendor_items VALUES(74,'0002','888888','002586','2025-09-16','2025-10-31');
INSERT INTO store_vendor_items VALUES(75,'0003','888888','002586','2025-09-16','2025-10-31');
INSERT INTO store_vendor_items VALUES(76,'0004','888888','002586','2025-09-16','2025-10-31');
INSERT INTO store_vendor_items VALUES(77,'0002','888888','002590','2020-11-16',NULL);
INSERT INTO store_vendor_items VALUES(78,'0003','888888','002590','2020-11-16',NULL);
INSERT INTO store_vendor_items VALUES(79,'0004','888888','002590','2020-11-16',NULL);
INSERT INTO store_vendor_items VALUES(80,'0002','888888','002625','2021-11-19',NULL);
INSERT INTO store_vendor_items VALUES(81,'0003','888888','002625','2021-11-19',NULL);
INSERT INTO store_vendor_items VALUES(82,'0004','888888','002625','2021-11-19',NULL);
INSERT INTO store_vendor_items VALUES(83,'0002','888888','002654','2025-05-01',NULL);
INSERT INTO store_vendor_items VALUES(84,'0003','888888','002654','2025-05-01',NULL);
INSERT INTO store_vendor_items VALUES(85,'0004','888888','002654','2025-05-01',NULL);
INSERT INTO store_vendor_items VALUES(86,'0002','888888','002677','2024-08-16',NULL);
INSERT INTO store_vendor_items VALUES(87,'0003','888888','002677','2024-08-16',NULL);
INSERT INTO store_vendor_items VALUES(88,'0004','888888','002677','2024-08-16',NULL);
INSERT INTO store_vendor_items VALUES(89,'0002','888888','002703','2025-06-21',NULL);
INSERT INTO store_vendor_items VALUES(90,'0003','888888','002703','2025-06-21',NULL);
INSERT INTO store_vendor_items VALUES(91,'0004','888888','002703','2025-06-21',NULL);
INSERT INTO store_vendor_items VALUES(92,'0002','888888','002711','2025-10-15',NULL);
INSERT INTO store_vendor_items VALUES(93,'0003','888888','002711','2025-10-15',NULL);
INSERT INTO store_vendor_items VALUES(94,'0004','888888','002711','2025-10-15',NULL);
INSERT INTO store_vendor_items VALUES(95,'0002','888888','003045','2022-11-03',NULL);
INSERT INTO store_vendor_items VALUES(96,'0003','888888','003045','2022-11-03',NULL);
INSERT INTO store_vendor_items VALUES(97,'0002','888888','003050','2023-11-30',NULL);
INSERT INTO store_vendor_items VALUES(98,'0003','888888','003050','2023-11-30',NULL);
INSERT INTO store_vendor_items VALUES(99,'0004','888888','003050','2023-11-30',NULL);
INSERT INTO store_vendor_items VALUES(100,'0002','888888','004044','2018-02-19',NULL);
INSERT INTO store_vendor_items VALUES(101,'0003','888888','004044','2018-02-19',NULL);
INSERT INTO store_vendor_items VALUES(102,'0004','888888','004044','2018-02-19',NULL);
INSERT INTO store_vendor_items VALUES(103,'0002','700004','011004','2021-12-20',NULL);
INSERT INTO store_vendor_items VALUES(104,'0003','700004','011004','2021-12-20',NULL);
INSERT INTO store_vendor_items VALUES(105,'0004','700021','011004','2021-12-20',NULL);
INSERT INTO store_vendor_items VALUES(106,'0002','600502','015001','2009-01-01',NULL);
INSERT INTO store_vendor_items VALUES(107,'0003','600502','015001','2009-01-01',NULL);
INSERT INTO store_vendor_items VALUES(108,'0004','600502','015001','2009-01-01',NULL);
INSERT INTO store_vendor_items VALUES(109,'0002','600502','016019','2009-01-01','2025-10-31');
INSERT INTO store_vendor_items VALUES(110,'0003','600502','016019','2009-01-01','2025-10-31');
INSERT INTO store_vendor_items VALUES(111,'0004','600502','016019','2009-01-01','2025-10-31');
INSERT INTO store_vendor_items VALUES(112,'0002','600510','016019','2025-11-01',NULL);
INSERT INTO store_vendor_items VALUES(113,'0003','600510','016019','2025-11-01',NULL);
INSERT INTO store_vendor_items VALUES(114,'0004','600510','016019','2025-11-01',NULL);
INSERT INTO store_vendor_items VALUES(115,'0002','888888','016035','2009-01-01',NULL);
INSERT INTO store_vendor_items VALUES(116,'0003','888888','016035','2009-01-01',NULL);
INSERT INTO store_vendor_items VALUES(117,'0004','888888','016035','2009-01-01',NULL);
INSERT INTO store_vendor_items VALUES(118,'0002','888888','016048','2013-03-16',NULL);
INSERT INTO store_vendor_items VALUES(119,'0003','888888','016048','2013-03-16',NULL);
INSERT INTO store_vendor_items VALUES(120,'0004','888888','016048','2013-03-16',NULL);
INSERT INTO store_vendor_items VALUES(121,'0002','600502','017005','2009-01-01',NULL);
INSERT INTO store_vendor_items VALUES(122,'0003','600502','017005','2009-01-01',NULL);
INSERT INTO store_vendor_items VALUES(123,'0004','600502','017005','2009-01-01',NULL);
INSERT INTO store_vendor_items VALUES(124,'0002','600502','017011','2009-01-01','2025-10-31');
INSERT INTO store_vendor_items VALUES(125,'0003','600502','017011','2009-01-01','2025-10-31');
INSERT INTO store_vendor_items VALUES(126,'0004','600502','017011','2009-01-01','2025-10-31');
INSERT INTO store_vendor_items VALUES(127,'0002','888888','020018','2009-01-01',NULL);
INSERT INTO store_vendor_items VALUES(128,'0003','888888','020018','2009-01-01',NULL);
INSERT INTO store_vendor_items VALUES(129,'0004','888888','020018','2009-01-01',NULL);
INSERT INTO store_vendor_items VALUES(130,'0002','888888','020084','2019-09-05',NULL);
INSERT INTO store_vendor_items VALUES(131,'0003','888888','020084','2019-09-05',NULL);
INSERT INTO store_vendor_items VALUES(132,'0004','888888','020084','2019-09-05',NULL);
INSERT INTO store_vendor_items VALUES(133,'0002','888888','020090','2021-11-30',NULL);
INSERT INTO store_vendor_items VALUES(134,'0003','888888','020090','2021-11-30',NULL);
INSERT INTO store_vendor_items VALUES(135,'0004','888888','020090','2021-11-30',NULL);
INSERT INTO store_vendor_items VALUES(136,'0002','888888','020187','2020-09-20',NULL);
INSERT INTO store_vendor_items VALUES(137,'0003','888888','020187','2020-09-20',NULL);
INSERT INTO store_vendor_items VALUES(138,'0004','888888','020187','2020-09-20',NULL);
INSERT INTO store_vendor_items VALUES(139,'0002','888888','020207','2025-09-01',NULL);
INSERT INTO store_vendor_items VALUES(140,'0003','888888','020207','2025-09-01',NULL);
INSERT INTO store_vendor_items VALUES(141,'0004','888888','020207','2025-09-01',NULL);
INSERT INTO store_vendor_items VALUES(142,'0002','888888','020301','2009-01-01',NULL);
INSERT INTO store_vendor_items VALUES(143,'0003','888888','020301','2009-01-01',NULL);
INSERT INTO store_vendor_items VALUES(144,'0004','888888','020301','2009-01-01',NULL);
INSERT INTO store_vendor_items VALUES(145,'0002','888888','020302','2020-09-02',NULL);
INSERT INTO store_vendor_items VALUES(146,'0003','888888','020302','2020-09-02',NULL);
INSERT INTO store_vendor_items VALUES(147,'0004','888888','020302','2020-09-02',NULL);
INSERT INTO store_vendor_items VALUES(148,'0002','888888','020332','2013-05-12',NULL);
INSERT INTO store_vendor_items VALUES(149,'0003','888888','020332','2013-05-12',NULL);
INSERT INTO store_vendor_items VALUES(150,'0004','888888','020332','2013-05-12',NULL);
INSERT INTO store_vendor_items VALUES(151,'0002','888888','020345','2017-10-05',NULL);
INSERT INTO store_vendor_items VALUES(152,'0003','888888','020345','2017-10-05',NULL);
INSERT INTO store_vendor_items VALUES(153,'0004','888888','020345','2017-10-05',NULL);
INSERT INTO store_vendor_items VALUES(154,'0002','888888','020355','2022-01-24',NULL);
INSERT INTO store_vendor_items VALUES(155,'0003','888888','020355','2022-01-24',NULL);
INSERT INTO store_vendor_items VALUES(156,'0004','888888','020355','2022-01-24',NULL);
INSERT INTO store_vendor_items VALUES(157,'0002','888888','020382','2017-10-02',NULL);
INSERT INTO store_vendor_items VALUES(158,'0003','888888','020382','2017-10-02',NULL);
INSERT INTO store_vendor_items VALUES(159,'0004','888888','020382','2017-10-02',NULL);
CREATE TABLE vendor_weekly_rules (
  vendor_id TEXT PRIMARY KEY,

  -- 日曜
  orderable_sun        INTEGER NOT NULL DEFAULT 0,  -- 1=発注可,0=不可
  cutoff_hhmm_sun      TEXT    NOT NULL DEFAULT '04:00', -- "HH:MM"
  lead_time_days_sun   INTEGER NOT NULL DEFAULT 1,

  -- 月曜
  orderable_mon        INTEGER NOT NULL DEFAULT 0,
  cutoff_hhmm_mon      TEXT    NOT NULL DEFAULT '04:00',
  lead_time_days_mon   INTEGER NOT NULL DEFAULT 1,

  -- 火曜
  orderable_tue        INTEGER NOT NULL DEFAULT 0,
  cutoff_hhmm_tue      TEXT    NOT NULL DEFAULT '04:00',
  lead_time_days_tue   INTEGER NOT NULL DEFAULT 1,

  -- 水曜
  orderable_wed        INTEGER NOT NULL DEFAULT 0,
  cutoff_hhmm_wed      TEXT    NOT NULL DEFAULT '04:00',
  lead_time_days_wed   INTEGER NOT NULL DEFAULT 1,

  -- 木曜
  orderable_thu        INTEGER NOT NULL DEFAULT 0,
  cutoff_hhmm_thu      TEXT    NOT NULL DEFAULT '04:00',
  lead_time_days_thu   INTEGER NOT NULL DEFAULT 1,

  -- 金曜
  orderable_fri        INTEGER NOT NULL DEFAULT 0,
  cutoff_hhmm_fri      TEXT    NOT NULL DEFAULT '04:00',
  lead_time_days_fri   INTEGER NOT NULL DEFAULT 1,

  -- 土曜
  orderable_sat        INTEGER NOT NULL DEFAULT 0,
  cutoff_hhmm_sat      TEXT    NOT NULL DEFAULT '04:00',
  lead_time_days_sat   INTEGER NOT NULL DEFAULT 1,

  updated_at TEXT NOT NULL DEFAULT (datetime('now'))
);
INSERT INTO vendor_weekly_rules VALUES('100011',1,'04:00',1,1,'04:00',1,1,'04:00',1,1,'04:00',1,1,'04:00',1,1,'04:00',1,1,'04:00',1,'1984');
INSERT INTO vendor_weekly_rules VALUES('600502',1,'04:00',1,1,'04:00',1,1,'04:00',1,1,'04:00',1,1,'04:00',1,1,'04:00',1,1,'04:00',1,'1984');
INSERT INTO vendor_weekly_rules VALUES('600510',1,'04:00',1,1,'04:00',1,1,'04:00',1,1,'04:00',1,1,'04:00',1,1,'04:00',1,1,'04:00',1,'1984');
INSERT INTO vendor_weekly_rules VALUES('700004',1,'04:00',1,1,'04:00',1,1,'04:00',1,1,'04:00',1,1,'04:00',1,1,'04:00',1,1,'04:00',1,'1984');
INSERT INTO vendor_weekly_rules VALUES('700021',1,'04:00',1,1,'04:00',1,1,'04:00',1,1,'04:00',1,1,'04:00',1,1,'04:00',1,1,'04:00',1,'1984');
INSERT INTO vendor_weekly_rules VALUES('888888',1,'04:00',1,1,'04:00',1,1,'04:00',1,1,'04:00',1,1,'04:00',1,1,'04:00',1,1,'04:00',1,'1984');
CREATE TABLE store_vendor_overrides (
  store_id  TEXT NOT NULL,
  vendor_id TEXT NOT NULL,

  -- 日曜
  orderable_sun_override        INTEGER,
  cutoff_hhmm_sun_override      TEXT,
  lead_time_days_sun_override   INTEGER,

  -- 月曜
  orderable_mon_override        INTEGER,
  cutoff_hhmm_mon_override      TEXT,
  lead_time_days_mon_override   INTEGER,

  -- 火曜
  orderable_tue_override        INTEGER,
  cutoff_hhmm_tue_override      TEXT,
  lead_time_days_tue_override   INTEGER,

  -- 水曜
  orderable_wed_override        INTEGER,
  cutoff_hhmm_wed_override      TEXT,
  lead_time_days_wed_override   INTEGER,

  -- 木曜
  orderable_thu_override        INTEGER,
  cutoff_hhmm_thu_override      TEXT,
  lead_time_days_thu_override   INTEGER,

  -- 金曜
  orderable_fri_override        INTEGER,
  cutoff_hhmm_fri_override      TEXT,
  lead_time_days_fri_override   INTEGER,

  -- 土曜
  orderable_sat_override        INTEGER,
  cutoff_hhmm_sat_override      TEXT,
  lead_time_days_sat_override   INTEGER,

  updated_at TEXT NOT NULL DEFAULT (datetime('now')),

  PRIMARY KEY (store_id, vendor_id)
);
INSERT INTO store_vendor_overrides VALUES('0002','100011',0,'04:00',2,1,'04:00',2,0,'04:00',2,1,'04:00',2,0,'04:00',2,1,'04:00',3,0,'04:00',4,'1984');
INSERT INTO store_vendor_overrides VALUES('0002','600502',1,'04:00',1,0,'04:00',1,1,'04:00',1,0,'04:00',1,1,'04:00',1,0,'04:00',1,0,'04:00',1,'1984');
INSERT INTO store_vendor_overrides VALUES('0002','600510',1,'04:00',1,0,'04:00',1,1,'04:00',1,0,'04:00',1,1,'04:00',1,0,'04:00',1,0,'04:00',1,'1984');
INSERT INTO store_vendor_overrides VALUES('0002','700004',0,'04:00',2,0,'04:00',2,1,'04:00',2,0,'04:00',2,0,'04:00',2,1,'04:00',3,0,'04:00',4,'1984');
INSERT INTO store_vendor_overrides VALUES('0002','700021',0,'04:00',2,0,'04:00',2,1,'04:00',2,0,'04:00',2,0,'04:00',2,1,'04:00',3,0,'04:00',4,'1984');
INSERT INTO store_vendor_overrides VALUES('0002','888888',1,'04:00',1,0,'04:00',1,1,'04:00',1,0,'04:00',1,1,'04:00',1,0,'04:00',1,0,'04:00',2,'1984');
INSERT INTO store_vendor_overrides VALUES('0003','100011',0,'04:00',2,1,'04:00',2,0,'04:00',2,1,'04:00',2,0,'04:00',2,1,'04:00',3,0,'04:00',4,'1984');
INSERT INTO store_vendor_overrides VALUES('0003','600502',0,'04:00',1,1,'04:00',1,0,'04:00',1,1,'04:00',1,0,'04:00',1,1,'04:00',1,0,'04:00',1,'1984');
INSERT INTO store_vendor_overrides VALUES('0003','600510',0,'04:00',1,1,'04:00',1,0,'04:00',1,1,'04:00',1,0,'04:00',1,1,'04:00',1,0,'04:00',1,'1984');
INSERT INTO store_vendor_overrides VALUES('0003','700004',0,'04:00',2,0,'04:00',2,1,'04:00',2,0,'04:00',2,0,'04:00',2,1,'04:00',3,0,'04:00',4,'1984');
INSERT INTO store_vendor_overrides VALUES('0003','700021',0,'04:00',2,0,'04:00',2,1,'04:00',2,0,'04:00',2,0,'04:00',2,1,'04:00',3,0,'04:00',4,'1984');
INSERT INTO store_vendor_overrides VALUES('0003','888888',1,'04:00',1,0,'04:00',1,1,'04:00',1,0,'04:00',1,1,'04:00',1,0,'04:00',1,0,'04:00',2,'1984');
INSERT INTO store_vendor_overrides VALUES('0004','100011',0,'04:00',2,1,'04:00',2,0,'04:00',2,1,'04:00',2,0,'04:00',2,1,'04:00',3,0,'04:00',4,'1984');
INSERT INTO store_vendor_overrides VALUES('0004','600502',1,'04:00',1,0,'04:00',1,1,'04:00',1,0,'04:00',1,1,'04:00',1,0,'04:00',1,0,'04:00',1,'1984');
INSERT INTO store_vendor_overrides VALUES('0004','600510',1,'04:00',1,0,'04:00',1,1,'04:00',1,0,'04:00',1,1,'04:00',1,0,'04:00',1,0,'04:00',1,'1984');
INSERT INTO store_vendor_overrides VALUES('0004','700004',0,'04:00',2,0,'04:00',2,1,'04:00',2,0,'04:00',2,0,'04:00',2,1,'04:00',3,0,'04:00',4,'1984');
INSERT INTO store_vendor_overrides VALUES('0004','700021',0,'04:00',2,0,'04:00',2,1,'04:00',2,0,'04:00',2,0,'04:00',2,1,'04:00',3,0,'04:00',4,'1984');
INSERT INTO store_vendor_overrides VALUES('0004','888888',1,'04:00',1,0,'04:00',1,1,'04:00',1,0,'04:00',1,1,'04:00',1,0,'04:00',1,0,'04:00',2,'1984');
CREATE TABLE IF NOT EXISTS "shipments" (
  id               INTEGER PRIMARY KEY AUTOINCREMENT,
  vendor_id        TEXT NOT NULL,
  destination_id   TEXT NOT NULL,
  destination_name TEXT,
  delivery_date    TEXT NOT NULL, -- 'YYYY-MM-DD'
  status           TEXT NOT NULL DEFAULT 'open' CHECK (status IN ('open','confirmed','canceled')),
  created_at       TEXT NOT NULL DEFAULT (datetime('now')),
  updated_at       TEXT NOT NULL DEFAULT (datetime('now'))
, order_date TEXT);
INSERT INTO shipments VALUES(1,'600502','0002','横浜西口店','2025-11-06','confirmed','2025-11-05 11:54:09','2025-11-21 08:25:13',NULL);
INSERT INTO shipments VALUES(2,'600502','0004','新横浜店','2025-11-06','confirmed','2025-11-06 06:54:40','2025-11-21 08:25:13',NULL);
INSERT INTO shipments VALUES(3,'100011','0002','横浜西口店','2025-11-01','confirmed','2025-11-08 18:43:19','2025-11-21 08:25:13',NULL);
INSERT INTO shipments VALUES(4,'600502','0002',NULL,'2025-10-31','open','2025-11-08 18:43:19','2025-11-09 05:38:40',NULL);
INSERT INTO shipments VALUES(5,'600502','0002',NULL,'2025-11-03','confirmed','2025-11-08 18:43:19','2025-11-21 08:25:13',NULL);
INSERT INTO shipments VALUES(6,'600502','0002',NULL,'2025-11-05','confirmed','2025-11-08 18:43:19','2025-11-21 08:25:13',NULL);
INSERT INTO shipments VALUES(7,'600502','0004','新横浜店','2025-11-05','confirmed','2025-11-08 18:43:19','2025-11-21 08:25:13',NULL);
INSERT INTO shipments VALUES(8,'600510','0002',NULL,'2025-11-05','confirmed','2025-11-08 18:43:19','2025-11-21 08:25:13',NULL);
INSERT INTO shipments VALUES(9,'600510','0004',NULL,'2025-11-05','confirmed','2025-11-08 18:43:19','2025-11-21 08:25:13',NULL);
INSERT INTO shipments VALUES(10,'700004','0002',NULL,'2025-11-01','confirmed','2025-11-08 18:43:19','2025-11-21 08:25:13',NULL);
INSERT INTO shipments VALUES(11,'700004','0002',NULL,'2025-11-06','confirmed','2025-11-08 18:43:19','2025-11-21 08:25:13',NULL);
INSERT INTO shipments VALUES(12,'700004','0003',NULL,'2025-11-06','confirmed','2025-11-08 18:43:19','2025-11-21 08:25:13',NULL);
INSERT INTO shipments VALUES(13,'700021','0004',NULL,'2025-11-06','confirmed','2025-11-08 18:43:19','2025-11-21 08:25:13',NULL);
INSERT INTO shipments VALUES(14,'888888','0002',NULL,'2025-10-31','open','2025-11-08 18:43:19','2025-11-09 05:38:40',NULL);
INSERT INTO shipments VALUES(15,'888888','0002',NULL,'2025-11-03','confirmed','2025-11-08 18:43:19','2025-11-21 08:25:13',NULL);
INSERT INTO shipments VALUES(16,'888888','0002',NULL,'2025-11-05','confirmed','2025-11-08 18:43:19','2025-11-21 08:25:13',NULL);
INSERT INTO shipments VALUES(17,'888888','0003',NULL,'2025-11-05','confirmed','2025-11-08 18:43:19','2025-11-21 08:25:13',NULL);
INSERT INTO shipments VALUES(18,'888888','0004',NULL,'2025-11-05','confirmed','2025-11-08 18:43:19','2025-11-21 08:25:13',NULL);
INSERT INTO shipments VALUES(199,'600502','0002',NULL,'2025-11-10','confirmed','2025-11-09 05:35:54','2025-11-21 08:25:13',NULL);
INSERT INTO shipments VALUES(201,'600502','0004',NULL,'2025-11-10','confirmed','2025-11-09 05:35:54','2025-11-21 08:25:13',NULL);
INSERT INTO shipments VALUES(211,'888888','0002',NULL,'2025-11-10','confirmed','2025-11-09 05:35:54','2025-11-21 08:25:13',NULL);
INSERT INTO shipments VALUES(213,'888888','0003',NULL,'2025-11-10','confirmed','2025-11-09 05:35:54','2025-11-21 08:25:13',NULL);
INSERT INTO shipments VALUES(215,'888888','0004',NULL,'2025-11-10','confirmed','2025-11-09 05:35:54','2025-11-21 08:25:13',NULL);
INSERT INTO shipments VALUES(258,'600502','0002','横浜西口店','2025-11-15','confirmed','2025-11-15 02:19:10','2025-11-21 08:25:13',NULL);
INSERT INTO shipments VALUES(259,'600502','0003','伊勢佐木町店','2025-11-15','confirmed','2025-11-15 02:29:12','2025-11-21 08:25:13',NULL);
INSERT INTO shipments VALUES(274,'600502','0002','横浜西口店','2025-11-12','confirmed','2025-11-16 00:06:58','2025-11-21 08:25:13',NULL);
INSERT INTO shipments VALUES(275,'600510','0002','横浜西口店','2025-11-12','confirmed','2025-11-16 00:06:58','2025-11-21 08:25:13',NULL);
INSERT INTO shipments VALUES(276,'700004','0002','横浜西口店','2025-11-13','confirmed','2025-11-16 00:06:58','2025-11-21 08:25:13',NULL);
INSERT INTO shipments VALUES(277,'888888','0002','横浜西口店','2025-11-12','confirmed','2025-11-16 00:06:58','2025-11-21 08:25:13',NULL);
INSERT INTO shipments VALUES(278,'700004','0003','伊勢佐木町店','2025-11-13','confirmed','2025-11-16 00:06:58','2025-11-21 08:25:13',NULL);
INSERT INTO shipments VALUES(279,'888888','0003','伊勢佐木町店','2025-11-12','confirmed','2025-11-16 00:06:58','2025-11-21 08:25:13',NULL);
INSERT INTO shipments VALUES(280,'600502','0004','新横浜店','2025-11-12','confirmed','2025-11-16 00:06:58','2025-11-21 08:25:13',NULL);
INSERT INTO shipments VALUES(281,'600510','0004','新横浜店','2025-11-12','confirmed','2025-11-16 00:06:58','2025-11-21 08:25:13',NULL);
INSERT INTO shipments VALUES(282,'700021','0004','新横浜店','2025-11-13','confirmed','2025-11-16 00:06:58','2025-11-21 08:25:13',NULL);
INSERT INTO shipments VALUES(283,'888888','0004','新横浜店','2025-11-12','confirmed','2025-11-16 00:06:58','2025-11-21 08:25:13',NULL);
INSERT INTO shipments VALUES(284,'100011','0004','新横浜店','2025-11-17','confirmed','2025-11-16 00:06:58','2025-11-21 08:25:13',NULL);
INSERT INTO shipments VALUES(285,'700021','0004','新横浜店','2025-11-17','confirmed','2025-11-16 00:06:58','2025-11-21 08:25:13',NULL);
INSERT INTO shipments VALUES(286,'888888','0003','伊勢佐木町店','2025-11-17','confirmed','2025-11-16 16:21:33','2025-11-21 08:25:13',NULL);
INSERT INTO shipments VALUES(287,'600502','0002','横浜西口店','2025-11-17','confirmed','2025-11-16 16:21:33','2025-11-21 08:25:13',NULL);
INSERT INTO shipments VALUES(288,'888888','0002','横浜西口店','2025-11-17','confirmed','2025-11-16 16:21:33','2025-11-21 08:25:13',NULL);
INSERT INTO shipments VALUES(289,'600502','0004','新横浜店','2025-11-17','confirmed','2025-11-16 16:21:33','2025-11-21 08:25:13',NULL);
INSERT INTO shipments VALUES(290,'888888','0004','新横浜店','2025-11-17','confirmed','2025-11-16 16:21:33','2025-11-21 08:25:13',NULL);
INSERT INTO shipments VALUES(345,'100011','0003','伊勢佐木町店','2025-11-19','confirmed','2025-11-19 00:47:01','2025-11-21 08:25:13',NULL);
INSERT INTO shipments VALUES(346,'100011','0004','新横浜店','2025-11-19','confirmed','2025-11-19 00:47:01','2025-11-21 08:25:13',NULL);
INSERT INTO shipments VALUES(347,'100011','0002','横浜西口店','2025-11-19','confirmed','2025-11-19 00:47:01','2025-11-21 08:25:13',NULL);
INSERT INTO shipments VALUES(348,'600502','0004','新横浜店','2025-11-20','confirmed','2025-11-19 00:47:01','2025-11-21 08:25:13',NULL);
INSERT INTO shipments VALUES(349,'700021','0004','新横浜店','2025-11-20','confirmed','2025-11-19 00:47:01','2025-11-21 08:25:13',NULL);
INSERT INTO shipments VALUES(350,'888888','0004','新横浜店','2025-11-19','confirmed','2025-11-19 00:47:01','2025-11-21 08:25:13',NULL);
INSERT INTO shipments VALUES(351,'600502','0002','横浜西口店','2025-11-19','confirmed','2025-11-19 00:47:01','2025-11-21 08:25:13',NULL);
INSERT INTO shipments VALUES(352,'600510','0002','横浜西口店','2025-11-19','confirmed','2025-11-19 00:47:01','2025-11-26 09:24:34',NULL);
INSERT INTO shipments VALUES(353,'700004','0002','横浜西口店','2025-11-20','confirmed','2025-11-19 00:47:01','2025-11-21 08:25:13',NULL);
INSERT INTO shipments VALUES(354,'888888','0002','横浜西口店','2025-11-19','confirmed','2025-11-19 00:47:01','2025-11-21 08:25:13',NULL);
INSERT INTO shipments VALUES(355,'700004','0003','伊勢佐木町店','2025-11-20','confirmed','2025-11-19 00:47:01','2025-11-21 08:25:13',NULL);
INSERT INTO shipments VALUES(356,'888888','0003','伊勢佐木町店','2025-11-19','confirmed','2025-11-19 00:47:01','2025-11-21 08:25:13',NULL);
INSERT INTO shipments VALUES(357,'600502','0003','伊勢佐木町店','2025-11-20','confirmed','2025-11-19 16:19:38','2025-11-21 08:25:13',NULL);
INSERT INTO shipments VALUES(358,'100011','0004','新横浜店','2025-11-21','confirmed','2025-11-19 16:20:34','2025-11-21 08:25:13',NULL);
INSERT INTO shipments VALUES(359,'100011','0003','伊勢佐木町店','2025-11-21','confirmed','2025-11-19 16:20:34','2025-11-21 08:25:13',NULL);
INSERT INTO shipments VALUES(360,'100011','0002','横浜西口店','2025-11-21','confirmed','2025-11-19 16:20:34','2025-11-21 08:25:13',NULL);
INSERT INTO shipments VALUES(361,'600502','0004','新横浜店','2025-11-21','confirmed','2025-11-20 17:41:55','2025-11-21 08:25:13',NULL);
INSERT INTO shipments VALUES(362,'600510','0004','新横浜店','2025-11-21','confirmed','2025-11-20 17:41:55','2025-11-21 08:25:13',NULL);
INSERT INTO shipments VALUES(363,'888888','0004','新横浜店','2025-11-21','confirmed','2025-11-20 17:41:55','2025-11-21 08:25:13',NULL);
INSERT INTO shipments VALUES(364,'600502','0002','横浜西口店','2025-11-21','confirmed','2025-11-20 17:41:55','2025-11-21 08:25:13',NULL);
INSERT INTO shipments VALUES(365,'600510','0002','横浜西口店','2025-11-21','confirmed','2025-11-20 17:41:55','2025-11-21 08:25:13',NULL);
INSERT INTO shipments VALUES(366,'888888','0002','横浜西口店','2025-11-21','confirmed','2025-11-20 17:41:55','2025-11-21 08:25:13',NULL);
INSERT INTO shipments VALUES(367,'888888','0003','伊勢佐木町店','2025-11-21','confirmed','2025-11-20 17:41:55','2025-11-21 08:25:13',NULL);
INSERT INTO shipments VALUES(368,'600502','0003','伊勢佐木町店','2025-11-18','confirmed','2025-11-26 07:29:29','2025-11-26 17:12:10',NULL);
INSERT INTO shipments VALUES(369,'600510','0003','伊勢佐木町店','2025-11-18','confirmed','2025-11-26 07:29:29','2025-11-26 17:12:10',NULL);
INSERT INTO shipments VALUES(370,'600502','0004','新横浜店','2025-11-19','confirmed','2025-11-26 07:29:29','2025-11-26 09:24:18',NULL);
INSERT INTO shipments VALUES(371,'600502','0003','伊勢佐木町店','2025-11-27','open','2025-11-26 16:47:10','2025-11-26 16:47:10',NULL);
INSERT INTO shipments VALUES(372,'600510','0003','伊勢佐木町店','2025-11-27','open','2025-11-26 16:47:10','2025-11-26 16:47:10',NULL);
INSERT INTO shipments VALUES(373,'100011','0003','伊勢佐木町店','2025-11-28','confirmed','2025-11-27 06:51:27','2025-11-27 17:35:34',NULL);
INSERT INTO shipments VALUES(374,'100011','0004','新横浜店','2025-11-28','confirmed','2025-11-27 06:51:27','2025-11-27 17:35:34',NULL);
INSERT INTO shipments VALUES(375,'100011','0002','横浜西口店','2025-11-28','confirmed','2025-11-27 06:51:27','2025-11-27 17:35:34',NULL);
INSERT INTO shipments VALUES(376,'888888','0003','伊勢佐木町店','2025-11-28','confirmed','2025-11-27 06:51:27','2025-11-27 17:35:34',NULL);
INSERT INTO shipments VALUES(377,'600502','0002','横浜西口店','2025-11-28','confirmed','2025-11-27 06:51:27','2025-11-27 17:35:34',NULL);
INSERT INTO shipments VALUES(378,'600510','0002','横浜西口店','2025-11-28','confirmed','2025-11-27 06:51:27','2025-11-27 17:35:34',NULL);
INSERT INTO shipments VALUES(379,'888888','0002','横浜西口店','2025-11-28','confirmed','2025-11-27 06:51:27','2025-11-27 17:35:34',NULL);
INSERT INTO shipments VALUES(380,'600502','0004','新横浜店','2025-11-28','confirmed','2025-11-27 06:51:27','2025-11-27 17:35:34',NULL);
INSERT INTO shipments VALUES(381,'600510','0004','新横浜店','2025-11-28','confirmed','2025-11-27 06:51:27','2025-11-27 17:35:34',NULL);
INSERT INTO shipments VALUES(382,'888888','0004','新横浜店','2025-11-28','confirmed','2025-11-27 06:51:27','2025-11-27 17:35:34',NULL);
INSERT INTO shipments VALUES(383,'700004','0002','横浜西口店','2025-11-27','open','2025-11-27 16:06:41','2025-11-27 16:06:41',NULL);
INSERT INTO shipments VALUES(384,'600502','0003','伊勢佐木町店','2025-11-29','open','2025-11-28 21:12:48','2025-11-29 17:42:21',NULL);
INSERT INTO shipments VALUES(385,'600510','0003','伊勢佐木町店','2025-11-29','open','2025-11-28 21:12:48','2025-11-29 17:39:59',NULL);
INSERT INTO shipments VALUES(393,'100011','0002','横浜西口店','2025-12-03','open','2025-11-29 17:25:30','2025-11-30 02:30:54',NULL);
INSERT INTO shipments VALUES(395,'700004','0002','横浜西口店','2025-12-03','open','2025-11-29 17:25:30','2025-11-29 17:25:30',NULL);
INSERT INTO shipments VALUES(396,'100011','0003','伊勢佐木町店','2025-12-03','open','2025-11-29 17:25:30','2025-11-29 17:25:30',NULL);
INSERT INTO shipments VALUES(398,'700004','0003','伊勢佐木町店','2025-12-03','open','2025-11-29 17:25:30','2025-11-29 17:25:30',NULL);
INSERT INTO shipments VALUES(399,'100011','0004','新横浜店','2025-12-03','open','2025-11-29 17:25:30','2025-11-29 17:25:30',NULL);
INSERT INTO shipments VALUES(401,'600502','0002','横浜西口店','2025-12-01','open','2025-11-30 09:51:55','2025-11-30 09:51:55','2025-11-30');
INSERT INTO shipments VALUES(402,'100011','0004','新横浜店','2025-11-29','open','2025-11-30 18:31:28','2025-11-30 18:31:28','2025-11-29');
INSERT INTO shipments VALUES(403,'100011','0004','新横浜店','2025-12-10','open','2025-12-09 11:27:19','2025-12-09 11:27:19','2025-12-08');
INSERT INTO shipments VALUES(404,'100011','0002','横浜西口店','2025-12-10','open','2025-12-09 11:27:19','2025-12-09 11:27:19','2025-12-08');
INSERT INTO shipments VALUES(405,'100011','0003','伊勢佐木町店','2025-12-10','open','2025-12-09 11:27:19','2025-12-09 11:27:19','2025-12-08');
INSERT INTO shipments VALUES(406,'600502','0003','伊勢佐木町店','2025-12-09','open','2025-12-09 11:27:19','2025-12-09 11:27:19','2025-12-08');
INSERT INTO shipments VALUES(407,'600510','0003','伊勢佐木町店','2025-12-09','open','2025-12-09 11:27:19','2025-12-09 11:27:19','2025-12-08');
INSERT INTO shipments VALUES(408,'600502','0002','横浜西口店','2025-12-10','open','2025-12-09 11:55:20','2025-12-09 11:55:20','2025-12-09');
INSERT INTO shipments VALUES(409,'600510','0002','横浜西口店','2025-12-10','open','2025-12-09 11:55:20','2025-12-09 11:55:20','2025-12-09');
INSERT INTO shipments VALUES(410,'700004','0002','横浜西口店','2025-12-11','open','2025-12-09 11:55:20','2025-12-09 11:55:20','2025-12-09');
INSERT INTO shipments VALUES(411,'888888','0002','横浜西口店','2025-12-10','open','2025-12-09 11:55:20','2025-12-09 11:55:20','2025-12-09');
INSERT INTO shipments VALUES(412,'600502','0004','新横浜店','2025-12-10','open','2025-12-09 11:55:20','2025-12-09 11:55:20','2025-12-09');
INSERT INTO shipments VALUES(413,'600510','0004','新横浜店','2025-12-10','open','2025-12-09 11:55:20','2025-12-09 11:55:20','2025-12-09');
INSERT INTO shipments VALUES(414,'700021','0004','新横浜店','2025-12-11','open','2025-12-09 11:55:20','2025-12-09 11:55:20','2025-12-09');
INSERT INTO shipments VALUES(415,'888888','0004','新横浜店','2025-12-10','open','2025-12-09 11:55:20','2025-12-09 11:55:20','2025-12-09');
INSERT INTO shipments VALUES(416,'700004','0003','伊勢佐木町店','2025-12-11','open','2025-12-09 11:55:20','2025-12-09 11:55:20','2025-12-09');
INSERT INTO shipments VALUES(417,'888888','0003','伊勢佐木町店','2025-12-10','open','2025-12-09 11:55:20','2025-12-09 11:55:20','2025-12-09');
CREATE TABLE shipment_lines (
  id            INTEGER PRIMARY KEY AUTOINCREMENT,
  shipment_id   INTEGER NOT NULL,
  item_id       TEXT NOT NULL,
  ordered_qty   INTEGER NOT NULL DEFAULT 0,   -- 受注数
  ship_qty      INTEGER NOT NULL DEFAULT 0,   -- 出荷数
  unit_price    INTEGER NOT NULL DEFAULT 0,
  amount        INTEGER NOT NULL DEFAULT 0,   -- ship_qty * unit_price
  unit          TEXT,
  spec          TEXT,
  temp_zone     TEXT CHECK (temp_zone IN ('ambient','chilled','frozen')),
  lot_no        TEXT,
  note          TEXT,
  FOREIGN KEY (shipment_id) REFERENCES shipments(id) ON DELETE CASCADE
);
INSERT INTO shipment_lines VALUES(1,1,'016019',8,8,85,680,'','',NULL,'','');
INSERT INTO shipment_lines VALUES(12,2,'015001',0,4,0,0,'','','ambient','','');
INSERT INTO shipment_lines VALUES(14,2,'016019',0,4,0,0,'','','ambient','','');
INSERT INTO shipment_lines VALUES(818,4,'015001',1,1,8919,8919,NULL,NULL,NULL,NULL,NULL);
INSERT INTO shipment_lines VALUES(819,5,'015001',1,1,8919,8919,NULL,NULL,NULL,NULL,NULL);
INSERT INTO shipment_lines VALUES(820,6,'015001',2,2,8919,17838,NULL,NULL,NULL,NULL,NULL);
INSERT INTO shipment_lines VALUES(821,6,'017005',2,2,1480,2960,NULL,NULL,NULL,NULL,NULL);
INSERT INTO shipment_lines VALUES(822,199,'015001',1,1,8919,8919,NULL,NULL,NULL,NULL,NULL);
INSERT INTO shipment_lines VALUES(823,199,'017005',1,1,1480,1480,NULL,NULL,NULL,NULL,NULL);
INSERT INTO shipment_lines VALUES(826,201,'015001',1,1,8919,8919,NULL,NULL,NULL,NULL,NULL);
INSERT INTO shipment_lines VALUES(827,8,'016019',2,2,6938,13876,NULL,NULL,NULL,NULL,NULL);
INSERT INTO shipment_lines VALUES(828,9,'016019',1,1,6938,6938,NULL,NULL,NULL,NULL,NULL);
INSERT INTO shipment_lines VALUES(829,10,'011004',1,1,750,750,NULL,NULL,NULL,NULL,NULL);
INSERT INTO shipment_lines VALUES(830,11,'011004',2,2,750,1500,NULL,NULL,NULL,NULL,NULL);
INSERT INTO shipment_lines VALUES(831,12,'011004',1,1,750,750,NULL,NULL,NULL,NULL,NULL);
INSERT INTO shipment_lines VALUES(832,13,'011004',1,1,960,960,NULL,NULL,NULL,NULL,NULL);
INSERT INTO shipment_lines VALUES(833,14,'001018',1,1,1231,1231,NULL,NULL,NULL,NULL,NULL);
INSERT INTO shipment_lines VALUES(834,15,'001018',1,1,1231,1231,NULL,NULL,NULL,NULL,NULL);
INSERT INTO shipment_lines VALUES(835,16,'001018',2,2,1231,2462,NULL,NULL,NULL,NULL,NULL);
INSERT INTO shipment_lines VALUES(836,16,'002007',2,2,735,1470,NULL,NULL,NULL,NULL,NULL);
INSERT INTO shipment_lines VALUES(837,16,'002009',2,2,821,1642,NULL,NULL,NULL,NULL,NULL);
INSERT INTO shipment_lines VALUES(838,16,'002012',2,2,1056,2112,NULL,NULL,NULL,NULL,NULL);
INSERT INTO shipment_lines VALUES(839,16,'002015',2,2,1100,2200,NULL,NULL,NULL,NULL,NULL);
INSERT INTO shipment_lines VALUES(840,16,'002019',2,2,1205,2410,NULL,NULL,NULL,NULL,NULL);
INSERT INTO shipment_lines VALUES(841,16,'002029',2,2,1194,2388,NULL,NULL,NULL,NULL,NULL);
INSERT INTO shipment_lines VALUES(842,16,'002075',2,2,700,1400,NULL,NULL,NULL,NULL,NULL);
INSERT INTO shipment_lines VALUES(843,16,'002340',2,2,924,1848,NULL,NULL,NULL,NULL,NULL);
INSERT INTO shipment_lines VALUES(844,16,'002341',2,2,390,780,NULL,NULL,NULL,NULL,NULL);
INSERT INTO shipment_lines VALUES(845,16,'002356',2,2,1680,3360,NULL,NULL,NULL,NULL,NULL);
INSERT INTO shipment_lines VALUES(846,16,'002365',2,2,552.5,1105,NULL,NULL,NULL,NULL,NULL);
INSERT INTO shipment_lines VALUES(847,16,'002397',2,2,792,1584,NULL,NULL,NULL,NULL,NULL);
INSERT INTO shipment_lines VALUES(848,16,'002455',2,2,1315,2630,NULL,NULL,NULL,NULL,NULL);
INSERT INTO shipment_lines VALUES(849,16,'002460',2,2,1085,2170,NULL,NULL,NULL,NULL,NULL);
INSERT INTO shipment_lines VALUES(850,16,'002501',2,2,2286,4572,NULL,NULL,NULL,NULL,NULL);
INSERT INTO shipment_lines VALUES(851,16,'002590',2,2,1274,2548,NULL,NULL,NULL,NULL,NULL);
INSERT INTO shipment_lines VALUES(852,16,'002625',2,2,327,654,NULL,NULL,NULL,NULL,NULL);
INSERT INTO shipment_lines VALUES(853,16,'002654',2,2,1027,2054,NULL,NULL,NULL,NULL,NULL);
INSERT INTO shipment_lines VALUES(854,16,'002677',2,2,1527,3054,NULL,NULL,NULL,NULL,NULL);
INSERT INTO shipment_lines VALUES(855,16,'002703',2,2,1521,3042,NULL,NULL,NULL,NULL,NULL);
INSERT INTO shipment_lines VALUES(856,16,'002711',2,2,932,1864,NULL,NULL,NULL,NULL,NULL);
INSERT INTO shipment_lines VALUES(857,16,'003045',2,2,382,764,NULL,NULL,NULL,NULL,NULL);
INSERT INTO shipment_lines VALUES(858,16,'003050',2,2,1895,3790,NULL,NULL,NULL,NULL,NULL);
INSERT INTO shipment_lines VALUES(859,16,'004044',2,2,497,994,NULL,NULL,NULL,NULL,NULL);
INSERT INTO shipment_lines VALUES(860,16,'016035',2,2,777,1554,NULL,NULL,NULL,NULL,NULL);
INSERT INTO shipment_lines VALUES(861,16,'016048',2,2,456,912,NULL,NULL,NULL,NULL,NULL);
INSERT INTO shipment_lines VALUES(862,16,'020018',2,2,170,340,NULL,NULL,NULL,NULL,NULL);
INSERT INTO shipment_lines VALUES(863,16,'020084',2,2,283,566,NULL,NULL,NULL,NULL,NULL);
INSERT INTO shipment_lines VALUES(864,16,'020090',2,2,330,660,NULL,NULL,NULL,NULL,NULL);
INSERT INTO shipment_lines VALUES(865,16,'020187',2,2,122,244,NULL,NULL,NULL,NULL,NULL);
INSERT INTO shipment_lines VALUES(866,16,'020207',2,2,209,418,NULL,NULL,NULL,NULL,NULL);
INSERT INTO shipment_lines VALUES(867,16,'020301',2,2,219,438,NULL,NULL,NULL,NULL,NULL);
INSERT INTO shipment_lines VALUES(868,16,'020302',2,2,292,584,NULL,NULL,NULL,NULL,NULL);
INSERT INTO shipment_lines VALUES(869,16,'020332',2,2,1752,3504,NULL,NULL,NULL,NULL,NULL);
INSERT INTO shipment_lines VALUES(870,16,'020345',2,2,1680,3360,NULL,NULL,NULL,NULL,NULL);
INSERT INTO shipment_lines VALUES(871,16,'020355',2,2,230,460,NULL,NULL,NULL,NULL,NULL);
INSERT INTO shipment_lines VALUES(872,16,'020382',2,2,319,638,NULL,NULL,NULL,NULL,NULL);
INSERT INTO shipment_lines VALUES(873,211,'002007',1,1,735,735,NULL,NULL,NULL,NULL,NULL);
INSERT INTO shipment_lines VALUES(874,211,'002009',1,1,821,821,NULL,NULL,NULL,NULL,NULL);
INSERT INTO shipment_lines VALUES(875,17,'001018',1,1,1231,1231,NULL,NULL,NULL,NULL,NULL);
INSERT INTO shipment_lines VALUES(876,17,'002007',1,1,735,735,NULL,NULL,NULL,NULL,NULL);
INSERT INTO shipment_lines VALUES(877,213,'001018',1,1,1231,1231,NULL,NULL,NULL,NULL,NULL);
INSERT INTO shipment_lines VALUES(878,18,'001018',1,1,1231,1231,NULL,NULL,NULL,NULL,NULL);
INSERT INTO shipment_lines VALUES(879,215,'001018',1,1,1231,1231,NULL,NULL,NULL,NULL,NULL);
INSERT INTO shipment_lines VALUES(880,215,'002007',1,1,735,735,NULL,NULL,NULL,NULL,NULL);
INSERT INTO shipment_lines VALUES(881,258,'015001',0,10,0,0,'樽',NULL,'ambient',NULL,NULL);
INSERT INTO shipment_lines VALUES(882,258,'016019',0,5,0,0,'樽',NULL,'ambient',NULL,NULL);
INSERT INTO shipment_lines VALUES(883,259,'016019',0,1,0,0,'樽',NULL,'ambient','0000001',NULL);
INSERT INTO shipment_lines VALUES(884,7,'015001',1,1,8919,8919,'','',NULL,'','');
INSERT INTO shipment_lines VALUES(885,7,'017005',1,1,1480,1480,'','',NULL,'','');
INSERT INTO shipment_lines VALUES(1408,274,'015001',2,2,8919,17838,NULL,NULL,NULL,NULL,NULL);
INSERT INTO shipment_lines VALUES(1409,274,'017005',1,1,1480,1480,NULL,NULL,NULL,NULL,NULL);
INSERT INTO shipment_lines VALUES(1410,275,'016019',1,1,6938,6938,NULL,NULL,NULL,NULL,NULL);
INSERT INTO shipment_lines VALUES(1411,276,'011004',1,1,750,750,NULL,NULL,NULL,NULL,NULL);
INSERT INTO shipment_lines VALUES(1412,277,'001018',1,1,1231,1231,NULL,NULL,NULL,NULL,NULL);
INSERT INTO shipment_lines VALUES(1413,277,'002007',1,1,735,735,NULL,NULL,NULL,NULL,NULL);
INSERT INTO shipment_lines VALUES(1414,277,'002009',1,1,821,821,NULL,NULL,NULL,NULL,NULL);
INSERT INTO shipment_lines VALUES(1415,277,'002012',1,1,1056,1056,NULL,NULL,NULL,NULL,NULL);
INSERT INTO shipment_lines VALUES(1416,277,'002015',1,1,1100,1100,NULL,NULL,NULL,NULL,NULL);
INSERT INTO shipment_lines VALUES(1417,277,'002019',1,1,1205,1205,NULL,NULL,NULL,NULL,NULL);
INSERT INTO shipment_lines VALUES(1418,277,'002029',1,1,1194,1194,NULL,NULL,NULL,NULL,NULL);
INSERT INTO shipment_lines VALUES(1419,277,'002075',1,1,700,700,NULL,NULL,NULL,NULL,NULL);
INSERT INTO shipment_lines VALUES(1420,277,'002340',1,1,924,924,NULL,NULL,NULL,NULL,NULL);
INSERT INTO shipment_lines VALUES(1421,277,'002341',1,1,390,390,NULL,NULL,NULL,NULL,NULL);
INSERT INTO shipment_lines VALUES(1422,277,'002356',1,1,1680,1680,NULL,NULL,NULL,NULL,NULL);
INSERT INTO shipment_lines VALUES(1423,277,'002365',1,1,552.5,552.5,NULL,NULL,NULL,NULL,NULL);
INSERT INTO shipment_lines VALUES(1424,277,'002397',1,1,792,792,NULL,NULL,NULL,NULL,NULL);
INSERT INTO shipment_lines VALUES(1425,277,'002455',1,1,1315,1315,NULL,NULL,NULL,NULL,NULL);
INSERT INTO shipment_lines VALUES(1426,277,'002460',1,1,1085,1085,NULL,NULL,NULL,NULL,NULL);
INSERT INTO shipment_lines VALUES(1427,277,'002501',1,1,2286,2286,NULL,NULL,NULL,NULL,NULL);
INSERT INTO shipment_lines VALUES(1428,277,'002590',1,1,1274,1274,NULL,NULL,NULL,NULL,NULL);
INSERT INTO shipment_lines VALUES(1429,277,'002625',1,1,327,327,NULL,NULL,NULL,NULL,NULL);
INSERT INTO shipment_lines VALUES(1430,277,'002654',1,1,1027,1027,NULL,NULL,NULL,NULL,NULL);
INSERT INTO shipment_lines VALUES(1431,277,'002677',1,1,1527,1527,NULL,NULL,NULL,NULL,NULL);
INSERT INTO shipment_lines VALUES(1432,277,'002703',1,1,1521,1521,NULL,NULL,NULL,NULL,NULL);
INSERT INTO shipment_lines VALUES(1433,277,'002711',1,1,932,932,NULL,NULL,NULL,NULL,NULL);
INSERT INTO shipment_lines VALUES(1434,277,'003045',1,1,382,382,NULL,NULL,NULL,NULL,NULL);
INSERT INTO shipment_lines VALUES(1435,277,'003050',1,1,1895,1895,NULL,NULL,NULL,NULL,NULL);
INSERT INTO shipment_lines VALUES(1436,277,'004044',1,1,497,497,NULL,NULL,NULL,NULL,NULL);
INSERT INTO shipment_lines VALUES(1437,277,'016035',1,1,777,777,NULL,NULL,NULL,NULL,NULL);
INSERT INTO shipment_lines VALUES(1438,277,'016048',1,1,456,456,NULL,NULL,NULL,NULL,NULL);
INSERT INTO shipment_lines VALUES(1439,277,'020018',1,1,170,170,NULL,NULL,NULL,NULL,NULL);
INSERT INTO shipment_lines VALUES(1440,277,'020084',1,1,283,283,NULL,NULL,NULL,NULL,NULL);
INSERT INTO shipment_lines VALUES(1441,277,'020090',1,1,330,330,NULL,NULL,NULL,NULL,NULL);
INSERT INTO shipment_lines VALUES(1442,277,'020187',1,1,122,122,NULL,NULL,NULL,NULL,NULL);
INSERT INTO shipment_lines VALUES(1443,277,'020207',1,1,209,209,NULL,NULL,NULL,NULL,NULL);
INSERT INTO shipment_lines VALUES(1444,277,'020301',1,1,219,219,NULL,NULL,NULL,NULL,NULL);
INSERT INTO shipment_lines VALUES(1445,277,'020302',1,1,292,292,NULL,NULL,NULL,NULL,NULL);
INSERT INTO shipment_lines VALUES(1446,277,'020332',1,1,1752,1752,NULL,NULL,NULL,NULL,NULL);
INSERT INTO shipment_lines VALUES(1447,277,'020345',1,1,1680,1680,NULL,NULL,NULL,NULL,NULL);
INSERT INTO shipment_lines VALUES(1448,277,'020355',1,1,230,230,NULL,NULL,NULL,NULL,NULL);
INSERT INTO shipment_lines VALUES(1449,277,'020382',1,1,319,319,NULL,NULL,NULL,NULL,NULL);
INSERT INTO shipment_lines VALUES(1450,278,'011004',3,3,750,2250,NULL,NULL,NULL,NULL,NULL);
INSERT INTO shipment_lines VALUES(1451,279,'001018',1,1,1231,1231,NULL,NULL,NULL,NULL,NULL);
INSERT INTO shipment_lines VALUES(1452,279,'002007',1,1,735,735,NULL,NULL,NULL,NULL,NULL);
INSERT INTO shipment_lines VALUES(1453,279,'002009',1,1,821,821,NULL,NULL,NULL,NULL,NULL);
INSERT INTO shipment_lines VALUES(1454,279,'002012',1,1,1056,1056,NULL,NULL,NULL,NULL,NULL);
INSERT INTO shipment_lines VALUES(1455,279,'002015',1,1,1100,1100,NULL,NULL,NULL,NULL,NULL);
INSERT INTO shipment_lines VALUES(1456,279,'002019',1,1,1205,1205,NULL,NULL,NULL,NULL,NULL);
INSERT INTO shipment_lines VALUES(1457,279,'002029',1,1,1194,1194,NULL,NULL,NULL,NULL,NULL);
INSERT INTO shipment_lines VALUES(1458,279,'002075',1,1,700,700,NULL,NULL,NULL,NULL,NULL);
INSERT INTO shipment_lines VALUES(1459,279,'002340',1,1,924,924,NULL,NULL,NULL,NULL,NULL);
INSERT INTO shipment_lines VALUES(1460,279,'002341',1,1,390,390,NULL,NULL,NULL,NULL,NULL);
INSERT INTO shipment_lines VALUES(1461,279,'002356',1,1,1680,1680,NULL,NULL,NULL,NULL,NULL);
INSERT INTO shipment_lines VALUES(1462,279,'002365',1,1,552.5,552.5,NULL,NULL,NULL,NULL,NULL);
INSERT INTO shipment_lines VALUES(1463,279,'002397',1,1,792,792,NULL,NULL,NULL,NULL,NULL);
INSERT INTO shipment_lines VALUES(1464,279,'002455',1,1,1315,1315,NULL,NULL,NULL,NULL,NULL);
INSERT INTO shipment_lines VALUES(1465,279,'002460',1,1,1085,1085,NULL,NULL,NULL,NULL,NULL);
INSERT INTO shipment_lines VALUES(1466,279,'002501',1,1,2286,2286,NULL,NULL,NULL,NULL,NULL);
INSERT INTO shipment_lines VALUES(1467,279,'002590',1,1,1274,1274,NULL,NULL,NULL,NULL,NULL);
INSERT INTO shipment_lines VALUES(1468,279,'002625',1,1,327,327,NULL,NULL,NULL,NULL,NULL);
INSERT INTO shipment_lines VALUES(1469,279,'002654',1,1,1027,1027,NULL,NULL,NULL,NULL,NULL);
INSERT INTO shipment_lines VALUES(1470,279,'002677',1,1,1527,1527,NULL,NULL,NULL,NULL,NULL);
INSERT INTO shipment_lines VALUES(1471,279,'002703',1,1,1521,1521,NULL,NULL,NULL,NULL,NULL);
INSERT INTO shipment_lines VALUES(1472,279,'002711',1,1,932,932,NULL,NULL,NULL,NULL,NULL);
INSERT INTO shipment_lines VALUES(1473,279,'003045',1,1,382,382,NULL,NULL,NULL,NULL,NULL);
INSERT INTO shipment_lines VALUES(1474,279,'003050',1,1,1895,1895,NULL,NULL,NULL,NULL,NULL);
INSERT INTO shipment_lines VALUES(1475,279,'004044',1,1,497,497,NULL,NULL,NULL,NULL,NULL);
INSERT INTO shipment_lines VALUES(1476,279,'016035',1,1,777,777,NULL,NULL,NULL,NULL,NULL);
INSERT INTO shipment_lines VALUES(1477,279,'016048',1,1,456,456,NULL,NULL,NULL,NULL,NULL);
INSERT INTO shipment_lines VALUES(1478,279,'020018',1,1,170,170,NULL,NULL,NULL,NULL,NULL);
INSERT INTO shipment_lines VALUES(1479,279,'020084',1,1,283,283,NULL,NULL,NULL,NULL,NULL);
INSERT INTO shipment_lines VALUES(1480,279,'020090',1,1,330,330,NULL,NULL,NULL,NULL,NULL);
INSERT INTO shipment_lines VALUES(1481,279,'020187',1,1,122,122,NULL,NULL,NULL,NULL,NULL);
INSERT INTO shipment_lines VALUES(1482,279,'020207',1,1,209,209,NULL,NULL,NULL,NULL,NULL);
INSERT INTO shipment_lines VALUES(1483,279,'020301',1,1,219,219,NULL,NULL,NULL,NULL,NULL);
INSERT INTO shipment_lines VALUES(1484,279,'020302',1,1,292,292,NULL,NULL,NULL,NULL,NULL);
INSERT INTO shipment_lines VALUES(1485,279,'020332',1,1,1752,1752,NULL,NULL,NULL,NULL,NULL);
INSERT INTO shipment_lines VALUES(1486,279,'020345',1,1,1680,1680,NULL,NULL,NULL,NULL,NULL);
INSERT INTO shipment_lines VALUES(1487,279,'020355',1,1,230,230,NULL,NULL,NULL,NULL,NULL);
INSERT INTO shipment_lines VALUES(1488,279,'020382',1,1,319,319,NULL,NULL,NULL,NULL,NULL);
INSERT INTO shipment_lines VALUES(1489,280,'015001',4,4,8919,35676,NULL,NULL,NULL,NULL,NULL);
INSERT INTO shipment_lines VALUES(1490,280,'017005',1,1,1480,1480,NULL,NULL,NULL,NULL,NULL);
INSERT INTO shipment_lines VALUES(1491,281,'016019',1,1,6938,6938,NULL,NULL,NULL,NULL,NULL);
INSERT INTO shipment_lines VALUES(1492,282,'011004',1,1,960,960,NULL,NULL,NULL,NULL,NULL);
INSERT INTO shipment_lines VALUES(1493,283,'001018',1,1,1231,1231,NULL,NULL,NULL,NULL,NULL);
INSERT INTO shipment_lines VALUES(1494,283,'002007',1,1,735,735,NULL,NULL,NULL,NULL,NULL);
INSERT INTO shipment_lines VALUES(1495,283,'002009',1,1,821,821,NULL,NULL,NULL,NULL,NULL);
INSERT INTO shipment_lines VALUES(1496,283,'002012',1,1,1056,1056,NULL,NULL,NULL,NULL,NULL);
INSERT INTO shipment_lines VALUES(1497,283,'002015',1,1,1100,1100,NULL,NULL,NULL,NULL,NULL);
INSERT INTO shipment_lines VALUES(1498,283,'002019',1,1,1205,1205,NULL,NULL,NULL,NULL,NULL);
INSERT INTO shipment_lines VALUES(1499,283,'002029',1,1,1194,1194,NULL,NULL,NULL,NULL,NULL);
INSERT INTO shipment_lines VALUES(1500,283,'002075',1,1,700,700,NULL,NULL,NULL,NULL,NULL);
INSERT INTO shipment_lines VALUES(1501,283,'002340',1,1,924,924,NULL,NULL,NULL,NULL,NULL);
INSERT INTO shipment_lines VALUES(1502,283,'002341',1,1,390,390,NULL,NULL,NULL,NULL,NULL);
INSERT INTO shipment_lines VALUES(1503,283,'002356',1,1,1680,1680,NULL,NULL,NULL,NULL,NULL);
INSERT INTO shipment_lines VALUES(1504,283,'002365',1,1,552.5,552.5,NULL,NULL,NULL,NULL,NULL);
INSERT INTO shipment_lines VALUES(1505,283,'002397',1,1,792,792,NULL,NULL,NULL,NULL,NULL);
INSERT INTO shipment_lines VALUES(1506,283,'002455',1,1,1315,1315,NULL,NULL,NULL,NULL,NULL);
INSERT INTO shipment_lines VALUES(1507,283,'002460',1,1,1085,1085,NULL,NULL,NULL,NULL,NULL);
INSERT INTO shipment_lines VALUES(1508,283,'002501',1,1,2286,2286,NULL,NULL,NULL,NULL,NULL);
INSERT INTO shipment_lines VALUES(1509,283,'002590',1,1,1274,1274,NULL,NULL,NULL,NULL,NULL);
INSERT INTO shipment_lines VALUES(1510,283,'002625',1,1,327,327,NULL,NULL,NULL,NULL,NULL);
INSERT INTO shipment_lines VALUES(1511,283,'002654',1,1,1027,1027,NULL,NULL,NULL,NULL,NULL);
INSERT INTO shipment_lines VALUES(1512,283,'002677',1,1,1527,1527,NULL,NULL,NULL,NULL,NULL);
INSERT INTO shipment_lines VALUES(1513,283,'002703',1,1,1521,1521,NULL,NULL,NULL,NULL,NULL);
INSERT INTO shipment_lines VALUES(1514,283,'002711',1,1,932,932,NULL,NULL,NULL,NULL,NULL);
INSERT INTO shipment_lines VALUES(1515,283,'003050',1,1,1895,1895,NULL,NULL,NULL,NULL,NULL);
INSERT INTO shipment_lines VALUES(1516,283,'004044',1,1,497,497,NULL,NULL,NULL,NULL,NULL);
INSERT INTO shipment_lines VALUES(1517,283,'016035',1,1,777,777,NULL,NULL,NULL,NULL,NULL);
INSERT INTO shipment_lines VALUES(1518,283,'016048',1,1,456,456,NULL,NULL,NULL,NULL,NULL);
INSERT INTO shipment_lines VALUES(1519,283,'020018',1,1,170,170,NULL,NULL,NULL,NULL,NULL);
INSERT INTO shipment_lines VALUES(1520,283,'020084',1,1,283,283,NULL,NULL,NULL,NULL,NULL);
INSERT INTO shipment_lines VALUES(1521,283,'020090',1,1,330,330,NULL,NULL,NULL,NULL,NULL);
INSERT INTO shipment_lines VALUES(1522,283,'020187',1,1,122,122,NULL,NULL,NULL,NULL,NULL);
INSERT INTO shipment_lines VALUES(1523,283,'020207',1,1,209,209,NULL,NULL,NULL,NULL,NULL);
INSERT INTO shipment_lines VALUES(1524,283,'020301',1,1,219,219,NULL,NULL,NULL,NULL,NULL);
INSERT INTO shipment_lines VALUES(1525,283,'020302',1,1,292,292,NULL,NULL,NULL,NULL,NULL);
INSERT INTO shipment_lines VALUES(1526,283,'020332',1,1,1752,1752,NULL,NULL,NULL,NULL,NULL);
INSERT INTO shipment_lines VALUES(1527,283,'020345',1,1,1680,1680,NULL,NULL,NULL,NULL,NULL);
INSERT INTO shipment_lines VALUES(1528,283,'020355',1,1,230,230,NULL,NULL,NULL,NULL,NULL);
INSERT INTO shipment_lines VALUES(1529,283,'020382',1,1,319,319,NULL,NULL,NULL,NULL,NULL);
INSERT INTO shipment_lines VALUES(1530,284,'001001',1,1,24600,24600,NULL,NULL,NULL,NULL,NULL);
INSERT INTO shipment_lines VALUES(1531,285,'011004',4,4,960,3840,NULL,NULL,NULL,NULL,NULL);
INSERT INTO shipment_lines VALUES(1716,3,'001001',1,1,22200,22200,'','',NULL,'','');
INSERT INTO shipment_lines VALUES(2085,286,'001018',1,1,1231,1231,NULL,NULL,NULL,NULL,NULL);
INSERT INTO shipment_lines VALUES(2086,286,'020207',1,1,209,209,NULL,NULL,NULL,NULL,NULL);
INSERT INTO shipment_lines VALUES(2087,286,'020302',1,1,292,292,NULL,NULL,NULL,NULL,NULL);
INSERT INTO shipment_lines VALUES(2088,286,'020332',2,2,1752,3504,NULL,NULL,NULL,NULL,NULL);
INSERT INTO shipment_lines VALUES(2089,286,'020345',3,3,1680,5040,NULL,NULL,NULL,NULL,NULL);
INSERT INTO shipment_lines VALUES(2090,286,'020355',4,4,230,920,NULL,NULL,NULL,NULL,NULL);
INSERT INTO shipment_lines VALUES(2091,286,'020382',5,5,319,1595,NULL,NULL,NULL,NULL,NULL);
INSERT INTO shipment_lines VALUES(2092,287,'015001',4,4,8919,35676,NULL,NULL,NULL,NULL,NULL);
INSERT INTO shipment_lines VALUES(2093,287,'017005',5,5,1480,7400,NULL,NULL,NULL,NULL,NULL);
INSERT INTO shipment_lines VALUES(2100,289,'015001',1,1,8919,8919,NULL,NULL,NULL,NULL,NULL);
INSERT INTO shipment_lines VALUES(2101,290,'001018',1,1,1231,1231,NULL,NULL,NULL,NULL,NULL);
INSERT INTO shipment_lines VALUES(2102,290,'002015',1,1,1100,1100,NULL,NULL,NULL,NULL,NULL);
INSERT INTO shipment_lines VALUES(2103,290,'002019',1,1,1205,1205,NULL,NULL,NULL,NULL,NULL);
INSERT INTO shipment_lines VALUES(2104,290,'002029',1,1,1194,1194,NULL,NULL,NULL,NULL,NULL);
INSERT INTO shipment_lines VALUES(2105,290,'002075',1,1,700,700,NULL,NULL,NULL,NULL,NULL);
INSERT INTO shipment_lines VALUES(2106,290,'002340',1,1,924,924,NULL,NULL,NULL,NULL,NULL);
INSERT INTO shipment_lines VALUES(2107,290,'002341',1,1,390,390,NULL,NULL,NULL,NULL,NULL);
INSERT INTO shipment_lines VALUES(2108,290,'002356',1,1,1680,1680,NULL,NULL,NULL,NULL,NULL);
INSERT INTO shipment_lines VALUES(3205,288,'001018',2,2,1231,2462,'','',NULL,'','');
INSERT INTO shipment_lines VALUES(3206,288,'002007',1,1,735,735,'','',NULL,'','');
INSERT INTO shipment_lines VALUES(3207,288,'002009',2,2,821,1642,'','',NULL,'','');
INSERT INTO shipment_lines VALUES(3208,288,'002012',2,2,1056,2112,'','',NULL,'','');
INSERT INTO shipment_lines VALUES(3209,288,'002015',2,2,1100,2200,'','',NULL,'','');
INSERT INTO shipment_lines VALUES(3210,288,'002019',1,1,1205,1205,'','',NULL,'','');
INSERT INTO shipment_lines VALUES(3890,345,'001001',5,5,24600,123000,NULL,NULL,NULL,NULL,NULL);
INSERT INTO shipment_lines VALUES(3891,346,'001001',6,6,24600,147600,NULL,NULL,NULL,NULL,NULL);
INSERT INTO shipment_lines VALUES(3892,347,'001001',5,5,24600,123000,NULL,NULL,NULL,NULL,NULL);
INSERT INTO shipment_lines VALUES(3893,348,'015001',2,2,8919,17838,NULL,NULL,NULL,NULL,NULL);
INSERT INTO shipment_lines VALUES(3894,348,'017005',3,3,1480,4440,NULL,NULL,NULL,NULL,NULL);
INSERT INTO shipment_lines VALUES(3895,349,'011004',5,5,960,4800,NULL,NULL,NULL,NULL,NULL);
INSERT INTO shipment_lines VALUES(3910,351,'015001',1,1,8919,8919,NULL,NULL,NULL,NULL,NULL);
INSERT INTO shipment_lines VALUES(3911,351,'017005',4,4,1480,5920,NULL,NULL,NULL,NULL,NULL);
INSERT INTO shipment_lines VALUES(3912,352,'016019',3,3,6938,20814,NULL,NULL,NULL,NULL,NULL);
INSERT INTO shipment_lines VALUES(3913,353,'011004',8,8,750,6000,NULL,NULL,NULL,NULL,NULL);
INSERT INTO shipment_lines VALUES(3914,354,'002007',1,1,735,735,NULL,NULL,NULL,NULL,NULL);
INSERT INTO shipment_lines VALUES(3915,354,'002009',1,1,821,821,NULL,NULL,NULL,NULL,NULL);
INSERT INTO shipment_lines VALUES(3916,354,'002012',1,1,1056,1056,NULL,NULL,NULL,NULL,NULL);
INSERT INTO shipment_lines VALUES(3917,354,'002015',2,2,1100,2200,NULL,NULL,NULL,NULL,NULL);
INSERT INTO shipment_lines VALUES(3918,354,'002029',3,3,1194,3582,NULL,NULL,NULL,NULL,NULL);
INSERT INTO shipment_lines VALUES(3919,354,'002340',2,2,924,1848,NULL,NULL,NULL,NULL,NULL);
INSERT INTO shipment_lines VALUES(3920,354,'002397',4,4,792,3168,NULL,NULL,NULL,NULL,NULL);
INSERT INTO shipment_lines VALUES(3921,354,'002501',6,6,2286,13716,NULL,NULL,NULL,NULL,NULL);
INSERT INTO shipment_lines VALUES(3922,354,'002625',8,8,327,2616,NULL,NULL,NULL,NULL,NULL);
INSERT INTO shipment_lines VALUES(3923,354,'002677',5,5,1527,7635,NULL,NULL,NULL,NULL,NULL);
INSERT INTO shipment_lines VALUES(3924,354,'003050',2,2,1895,3790,NULL,NULL,NULL,NULL,NULL);
INSERT INTO shipment_lines VALUES(3925,354,'016035',5,5,777,3885,NULL,NULL,NULL,NULL,NULL);
INSERT INTO shipment_lines VALUES(3926,354,'020018',1,1,170,170,NULL,NULL,NULL,NULL,NULL);
INSERT INTO shipment_lines VALUES(3927,354,'020187',1,1,122,122,NULL,NULL,NULL,NULL,NULL);
INSERT INTO shipment_lines VALUES(3928,354,'020302',1,1,292,292,NULL,NULL,NULL,NULL,NULL);
INSERT INTO shipment_lines VALUES(3929,354,'020332',1,1,1752,1752,NULL,NULL,NULL,NULL,NULL);
INSERT INTO shipment_lines VALUES(3930,354,'020345',1,1,1680,1680,NULL,NULL,NULL,NULL,NULL);
INSERT INTO shipment_lines VALUES(3931,354,'020355',1,1,230,230,NULL,NULL,NULL,NULL,NULL);
INSERT INTO shipment_lines VALUES(3932,354,'020382',4,4,319,1276,NULL,NULL,NULL,NULL,NULL);
INSERT INTO shipment_lines VALUES(3933,355,'011004',5,5,750,3750,NULL,NULL,NULL,NULL,NULL);
INSERT INTO shipment_lines VALUES(4038,356,'002341',2,2,390,780,'','',NULL,'','');
INSERT INTO shipment_lines VALUES(4039,356,'002365',2,2,552.5,1105,'','',NULL,'','');
INSERT INTO shipment_lines VALUES(4040,356,'002455',2,2,1315,2630,'','',NULL,'','');
INSERT INTO shipment_lines VALUES(4041,356,'002590',2,2,1274,2548,'','',NULL,'','');
INSERT INTO shipment_lines VALUES(4042,356,'002654',3,3,1027,3081,'','',NULL,'','');
INSERT INTO shipment_lines VALUES(4043,356,'020207',5,5,209,1045,'','',NULL,'','');
INSERT INTO shipment_lines VALUES(4044,356,'020355',2,2,230,460,'','',NULL,'','');
INSERT INTO shipment_lines VALUES(4045,356,'002007',0,1,0,0,'kg','','frozen','','');
INSERT INTO shipment_lines VALUES(4046,356,'002009',0,1,0,0,'kg','沖縄10kg単位','frozen','','');
INSERT INTO shipment_lines VALUES(4047,356,'002012',0,1,0,0,'P','沖縄500ｇ/P×20','frozen','','');
INSERT INTO shipment_lines VALUES(4048,350,'001018',2,2,1231,2462,'','',NULL,'','');
INSERT INTO shipment_lines VALUES(4049,350,'002012',3,3,1056,3168,'','',NULL,'','');
INSERT INTO shipment_lines VALUES(4050,350,'002019',5,5,1205,6025,'','',NULL,'','');
INSERT INTO shipment_lines VALUES(4051,350,'002075',4,4,700,2800,'','',NULL,'','');
INSERT INTO shipment_lines VALUES(4052,350,'002365',5,5,552.5,2762.5,'','',NULL,'','');
INSERT INTO shipment_lines VALUES(4053,350,'002455',1,1,1315,1315,'','',NULL,'','');
INSERT INTO shipment_lines VALUES(4054,350,'002590',5,5,1274,6370,'','',NULL,'','');
INSERT INTO shipment_lines VALUES(4055,350,'002677',3,3,1527,4581,'','',NULL,'','');
INSERT INTO shipment_lines VALUES(4056,350,'003050',8,8,1895,15160,'','',NULL,'','');
INSERT INTO shipment_lines VALUES(4057,350,'016048',2,2,456,912,'','',NULL,'','');
INSERT INTO shipment_lines VALUES(4058,350,'020090',2,2,330,660,'','',NULL,'','');
INSERT INTO shipment_lines VALUES(4059,350,'020301',1,1,219,219,'','',NULL,'','');
INSERT INTO shipment_lines VALUES(4060,350,'020332',2,2,1752,3504,'','',NULL,'','');
INSERT INTO shipment_lines VALUES(4061,350,'020355',6,6,230,1380,'','',NULL,'','');
INSERT INTO shipment_lines VALUES(4062,350,'002007',0,1,0,0,'kg','','frozen','','');
INSERT INTO shipment_lines VALUES(4063,350,'002009',0,1,0,0,'kg','沖縄10kg単位','frozen','','');
INSERT INTO shipment_lines VALUES(4067,357,'015001',1,1,8919,8919,NULL,NULL,NULL,NULL,NULL);
INSERT INTO shipment_lines VALUES(4068,357,'017005',1,1,1480,1480,NULL,NULL,NULL,NULL,NULL);
INSERT INTO shipment_lines VALUES(4069,358,'001001',6,6,24600,147600,NULL,NULL,NULL,NULL,NULL);
INSERT INTO shipment_lines VALUES(4070,359,'001001',1,1,24600,24600,NULL,NULL,NULL,NULL,NULL);
INSERT INTO shipment_lines VALUES(4071,360,'001001',5,5,24600,123000,NULL,NULL,NULL,NULL,NULL);
INSERT INTO shipment_lines VALUES(4078,361,'015001',1,1,8919,8919,NULL,NULL,NULL,NULL,NULL);
INSERT INTO shipment_lines VALUES(4079,361,'017005',1,1,1480,1480,NULL,NULL,NULL,NULL,NULL);
INSERT INTO shipment_lines VALUES(4080,362,'016019',1,1,6938,6938,NULL,NULL,NULL,NULL,NULL);
INSERT INTO shipment_lines VALUES(4081,363,'001018',1,1,1231,1231,NULL,NULL,NULL,NULL,NULL);
INSERT INTO shipment_lines VALUES(4082,363,'002007',1,1,735,735,NULL,NULL,NULL,NULL,NULL);
INSERT INTO shipment_lines VALUES(4083,363,'002009',1,1,821,821,NULL,NULL,NULL,NULL,NULL);
INSERT INTO shipment_lines VALUES(4084,363,'002012',1,1,1056,1056,NULL,NULL,NULL,NULL,NULL);
INSERT INTO shipment_lines VALUES(4085,363,'002015',1,1,1100,1100,NULL,NULL,NULL,NULL,NULL);
INSERT INTO shipment_lines VALUES(4086,363,'002019',1,1,1205,1205,NULL,NULL,NULL,NULL,NULL);
INSERT INTO shipment_lines VALUES(4087,363,'002029',1,1,1194,1194,NULL,NULL,NULL,NULL,NULL);
INSERT INTO shipment_lines VALUES(4088,363,'002075',1,1,700,700,NULL,NULL,NULL,NULL,NULL);
INSERT INTO shipment_lines VALUES(4089,363,'002340',1,1,924,924,NULL,NULL,NULL,NULL,NULL);
INSERT INTO shipment_lines VALUES(4090,363,'002341',1,1,390,390,NULL,NULL,NULL,NULL,NULL);
INSERT INTO shipment_lines VALUES(4091,363,'002356',1,1,1680,1680,NULL,NULL,NULL,NULL,NULL);
INSERT INTO shipment_lines VALUES(4092,363,'002365',1,1,552.5,552.5,NULL,NULL,NULL,NULL,NULL);
INSERT INTO shipment_lines VALUES(4093,363,'002397',1,1,792,792,NULL,NULL,NULL,NULL,NULL);
INSERT INTO shipment_lines VALUES(4094,363,'002455',1,1,1315,1315,NULL,NULL,NULL,NULL,NULL);
INSERT INTO shipment_lines VALUES(4095,363,'002460',1,1,1085,1085,NULL,NULL,NULL,NULL,NULL);
INSERT INTO shipment_lines VALUES(4096,363,'002501',1,1,2286,2286,NULL,NULL,NULL,NULL,NULL);
INSERT INTO shipment_lines VALUES(4097,363,'002590',1,1,1274,1274,NULL,NULL,NULL,NULL,NULL);
INSERT INTO shipment_lines VALUES(4098,363,'002625',1,1,327,327,NULL,NULL,NULL,NULL,NULL);
INSERT INTO shipment_lines VALUES(4099,363,'002654',1,1,1027,1027,NULL,NULL,NULL,NULL,NULL);
INSERT INTO shipment_lines VALUES(4100,363,'002677',1,1,1527,1527,NULL,NULL,NULL,NULL,NULL);
INSERT INTO shipment_lines VALUES(4101,363,'002703',1,1,1521,1521,NULL,NULL,NULL,NULL,NULL);
INSERT INTO shipment_lines VALUES(4102,363,'002711',1,1,932,932,NULL,NULL,NULL,NULL,NULL);
INSERT INTO shipment_lines VALUES(4103,363,'003050',1,1,1895,1895,NULL,NULL,NULL,NULL,NULL);
INSERT INTO shipment_lines VALUES(4104,363,'004044',1,1,497,497,NULL,NULL,NULL,NULL,NULL);
INSERT INTO shipment_lines VALUES(4105,363,'016035',1,1,777,777,NULL,NULL,NULL,NULL,NULL);
INSERT INTO shipment_lines VALUES(4106,363,'016048',1,1,456,456,NULL,NULL,NULL,NULL,NULL);
INSERT INTO shipment_lines VALUES(4107,363,'020018',1,1,170,170,NULL,NULL,NULL,NULL,NULL);
INSERT INTO shipment_lines VALUES(4108,363,'020084',1,1,283,283,NULL,NULL,NULL,NULL,NULL);
INSERT INTO shipment_lines VALUES(4109,363,'020090',1,1,330,330,NULL,NULL,NULL,NULL,NULL);
INSERT INTO shipment_lines VALUES(4110,363,'020187',1,1,122,122,NULL,NULL,NULL,NULL,NULL);
INSERT INTO shipment_lines VALUES(4111,363,'020207',1,1,209,209,NULL,NULL,NULL,NULL,NULL);
INSERT INTO shipment_lines VALUES(4112,363,'020301',1,1,219,219,NULL,NULL,NULL,NULL,NULL);
INSERT INTO shipment_lines VALUES(4113,363,'020302',1,1,292,292,NULL,NULL,NULL,NULL,NULL);
INSERT INTO shipment_lines VALUES(4114,363,'020332',1,1,1752,1752,NULL,NULL,NULL,NULL,NULL);
INSERT INTO shipment_lines VALUES(4115,363,'020345',1,1,1680,1680,NULL,NULL,NULL,NULL,NULL);
INSERT INTO shipment_lines VALUES(4116,363,'020355',1,1,230,230,NULL,NULL,NULL,NULL,NULL);
INSERT INTO shipment_lines VALUES(4117,363,'020382',1,1,319,319,NULL,NULL,NULL,NULL,NULL);
INSERT INTO shipment_lines VALUES(4118,364,'015001',1,1,8919,8919,NULL,NULL,NULL,NULL,NULL);
INSERT INTO shipment_lines VALUES(4119,364,'017005',1,1,1480,1480,NULL,NULL,NULL,NULL,NULL);
INSERT INTO shipment_lines VALUES(4120,365,'016019',1,1,6938,6938,NULL,NULL,NULL,NULL,NULL);
INSERT INTO shipment_lines VALUES(4121,366,'001018',1,1,1231,1231,NULL,NULL,NULL,NULL,NULL);
INSERT INTO shipment_lines VALUES(4122,366,'002007',1,1,735,735,NULL,NULL,NULL,NULL,NULL);
INSERT INTO shipment_lines VALUES(4123,366,'002009',1,1,821,821,NULL,NULL,NULL,NULL,NULL);
INSERT INTO shipment_lines VALUES(4124,366,'002012',1,1,1056,1056,NULL,NULL,NULL,NULL,NULL);
INSERT INTO shipment_lines VALUES(4125,366,'002015',1,1,1100,1100,NULL,NULL,NULL,NULL,NULL);
INSERT INTO shipment_lines VALUES(4126,366,'002019',1,1,1205,1205,NULL,NULL,NULL,NULL,NULL);
INSERT INTO shipment_lines VALUES(4127,366,'002029',1,1,1194,1194,NULL,NULL,NULL,NULL,NULL);
INSERT INTO shipment_lines VALUES(4128,366,'002075',1,1,700,700,NULL,NULL,NULL,NULL,NULL);
INSERT INTO shipment_lines VALUES(4129,366,'002340',1,1,924,924,NULL,NULL,NULL,NULL,NULL);
INSERT INTO shipment_lines VALUES(4130,366,'002341',1,1,390,390,NULL,NULL,NULL,NULL,NULL);
INSERT INTO shipment_lines VALUES(4131,366,'002356',1,1,1680,1680,NULL,NULL,NULL,NULL,NULL);
INSERT INTO shipment_lines VALUES(4132,366,'002365',1,1,552.5,552.5,NULL,NULL,NULL,NULL,NULL);
INSERT INTO shipment_lines VALUES(4133,366,'002397',1,1,792,792,NULL,NULL,NULL,NULL,NULL);
INSERT INTO shipment_lines VALUES(4134,366,'002455',1,1,1315,1315,NULL,NULL,NULL,NULL,NULL);
INSERT INTO shipment_lines VALUES(4135,366,'002460',1,1,1085,1085,NULL,NULL,NULL,NULL,NULL);
INSERT INTO shipment_lines VALUES(4136,366,'002501',1,1,2286,2286,NULL,NULL,NULL,NULL,NULL);
INSERT INTO shipment_lines VALUES(4137,366,'002590',1,1,1274,1274,NULL,NULL,NULL,NULL,NULL);
INSERT INTO shipment_lines VALUES(4138,366,'002625',1,1,327,327,NULL,NULL,NULL,NULL,NULL);
INSERT INTO shipment_lines VALUES(4139,366,'002654',1,1,1027,1027,NULL,NULL,NULL,NULL,NULL);
INSERT INTO shipment_lines VALUES(4140,366,'002677',1,1,1527,1527,NULL,NULL,NULL,NULL,NULL);
INSERT INTO shipment_lines VALUES(4141,366,'002703',1,1,1521,1521,NULL,NULL,NULL,NULL,NULL);
INSERT INTO shipment_lines VALUES(4142,366,'002711',1,1,932,932,NULL,NULL,NULL,NULL,NULL);
INSERT INTO shipment_lines VALUES(4143,366,'003045',1,1,382,382,NULL,NULL,NULL,NULL,NULL);
INSERT INTO shipment_lines VALUES(4144,366,'003050',1,1,1895,1895,NULL,NULL,NULL,NULL,NULL);
INSERT INTO shipment_lines VALUES(4145,366,'004044',1,1,497,497,NULL,NULL,NULL,NULL,NULL);
INSERT INTO shipment_lines VALUES(4146,366,'016035',1,1,777,777,NULL,NULL,NULL,NULL,NULL);
INSERT INTO shipment_lines VALUES(4147,366,'016048',1,1,456,456,NULL,NULL,NULL,NULL,NULL);
INSERT INTO shipment_lines VALUES(4148,366,'020018',1,1,170,170,NULL,NULL,NULL,NULL,NULL);
INSERT INTO shipment_lines VALUES(4149,366,'020084',1,1,283,283,NULL,NULL,NULL,NULL,NULL);
INSERT INTO shipment_lines VALUES(4150,366,'020090',1,1,330,330,NULL,NULL,NULL,NULL,NULL);
INSERT INTO shipment_lines VALUES(4151,366,'020187',1,1,122,122,NULL,NULL,NULL,NULL,NULL);
INSERT INTO shipment_lines VALUES(4152,366,'020207',1,1,209,209,NULL,NULL,NULL,NULL,NULL);
INSERT INTO shipment_lines VALUES(4153,366,'020301',1,1,219,219,NULL,NULL,NULL,NULL,NULL);
INSERT INTO shipment_lines VALUES(4154,366,'020302',1,1,292,292,NULL,NULL,NULL,NULL,NULL);
INSERT INTO shipment_lines VALUES(4155,366,'020332',1,1,1752,1752,NULL,NULL,NULL,NULL,NULL);
INSERT INTO shipment_lines VALUES(4156,366,'020345',1,1,1680,1680,NULL,NULL,NULL,NULL,NULL);
INSERT INTO shipment_lines VALUES(4157,366,'020355',1,1,230,230,NULL,NULL,NULL,NULL,NULL);
INSERT INTO shipment_lines VALUES(4158,366,'020382',1,1,319,319,NULL,NULL,NULL,NULL,NULL);
INSERT INTO shipment_lines VALUES(4159,367,'001018',1,1,1231,1231,NULL,NULL,NULL,NULL,NULL);
INSERT INTO shipment_lines VALUES(4160,367,'002007',1,1,735,735,NULL,NULL,NULL,NULL,NULL);
INSERT INTO shipment_lines VALUES(4161,367,'002009',1,1,821,821,NULL,NULL,NULL,NULL,NULL);
INSERT INTO shipment_lines VALUES(4162,367,'002012',1,1,1056,1056,NULL,NULL,NULL,NULL,NULL);
INSERT INTO shipment_lines VALUES(4163,367,'002015',1,1,1100,1100,NULL,NULL,NULL,NULL,NULL);
INSERT INTO shipment_lines VALUES(4164,367,'002019',1,1,1205,1205,NULL,NULL,NULL,NULL,NULL);
INSERT INTO shipment_lines VALUES(4165,367,'002029',1,1,1194,1194,NULL,NULL,NULL,NULL,NULL);
INSERT INTO shipment_lines VALUES(4166,367,'002075',1,1,700,700,NULL,NULL,NULL,NULL,NULL);
INSERT INTO shipment_lines VALUES(4167,367,'002340',1,1,924,924,NULL,NULL,NULL,NULL,NULL);
INSERT INTO shipment_lines VALUES(4168,367,'002341',1,1,390,390,NULL,NULL,NULL,NULL,NULL);
INSERT INTO shipment_lines VALUES(4169,367,'002356',1,1,1680,1680,NULL,NULL,NULL,NULL,NULL);
INSERT INTO shipment_lines VALUES(4170,367,'002365',1,1,552.5,552.5,NULL,NULL,NULL,NULL,NULL);
INSERT INTO shipment_lines VALUES(4171,367,'002397',1,1,792,792,NULL,NULL,NULL,NULL,NULL);
INSERT INTO shipment_lines VALUES(4172,367,'002455',1,1,1315,1315,NULL,NULL,NULL,NULL,NULL);
INSERT INTO shipment_lines VALUES(4173,367,'002460',1,1,1085,1085,NULL,NULL,NULL,NULL,NULL);
INSERT INTO shipment_lines VALUES(4174,367,'002501',1,1,2286,2286,NULL,NULL,NULL,NULL,NULL);
INSERT INTO shipment_lines VALUES(4175,367,'002590',1,1,1274,1274,NULL,NULL,NULL,NULL,NULL);
INSERT INTO shipment_lines VALUES(4176,367,'002625',1,1,327,327,NULL,NULL,NULL,NULL,NULL);
INSERT INTO shipment_lines VALUES(4177,367,'002654',1,1,1027,1027,NULL,NULL,NULL,NULL,NULL);
INSERT INTO shipment_lines VALUES(4178,367,'002677',1,1,1527,1527,NULL,NULL,NULL,NULL,NULL);
INSERT INTO shipment_lines VALUES(4179,367,'002703',1,1,1521,1521,NULL,NULL,NULL,NULL,NULL);
INSERT INTO shipment_lines VALUES(4180,367,'002711',1,1,932,932,NULL,NULL,NULL,NULL,NULL);
INSERT INTO shipment_lines VALUES(4181,367,'003045',1,1,382,382,NULL,NULL,NULL,NULL,NULL);
INSERT INTO shipment_lines VALUES(4182,367,'003050',1,1,1895,1895,NULL,NULL,NULL,NULL,NULL);
INSERT INTO shipment_lines VALUES(4183,367,'004044',1,1,497,497,NULL,NULL,NULL,NULL,NULL);
INSERT INTO shipment_lines VALUES(4184,367,'016035',1,1,777,777,NULL,NULL,NULL,NULL,NULL);
INSERT INTO shipment_lines VALUES(4185,367,'016048',1,1,456,456,NULL,NULL,NULL,NULL,NULL);
INSERT INTO shipment_lines VALUES(4186,367,'020018',1,1,170,170,NULL,NULL,NULL,NULL,NULL);
INSERT INTO shipment_lines VALUES(4187,367,'020084',1,1,283,283,NULL,NULL,NULL,NULL,NULL);
INSERT INTO shipment_lines VALUES(4188,367,'020090',1,1,330,330,NULL,NULL,NULL,NULL,NULL);
INSERT INTO shipment_lines VALUES(4189,367,'020187',1,1,122,122,NULL,NULL,NULL,NULL,NULL);
INSERT INTO shipment_lines VALUES(4190,367,'020207',1,1,209,209,NULL,NULL,NULL,NULL,NULL);
INSERT INTO shipment_lines VALUES(4191,367,'020301',1,1,219,219,NULL,NULL,NULL,NULL,NULL);
INSERT INTO shipment_lines VALUES(4192,367,'020302',1,1,292,292,NULL,NULL,NULL,NULL,NULL);
INSERT INTO shipment_lines VALUES(4193,367,'020332',1,1,1752,1752,NULL,NULL,NULL,NULL,NULL);
INSERT INTO shipment_lines VALUES(4194,367,'020345',1,1,1680,1680,NULL,NULL,NULL,NULL,NULL);
INSERT INTO shipment_lines VALUES(4195,367,'020355',1,1,230,230,NULL,NULL,NULL,NULL,NULL);
INSERT INTO shipment_lines VALUES(4196,367,'020382',1,1,319,319,NULL,NULL,NULL,NULL,NULL);
INSERT INTO shipment_lines VALUES(4197,368,'015001',5,5,8919,44595,NULL,NULL,NULL,NULL,NULL);
INSERT INTO shipment_lines VALUES(4198,368,'017005',3,3,1480,4440,NULL,NULL,NULL,NULL,NULL);
INSERT INTO shipment_lines VALUES(4199,369,'016019',2,2,6938,13876,NULL,NULL,NULL,NULL,NULL);
INSERT INTO shipment_lines VALUES(4200,370,'015001',2,2,8919,17838,NULL,NULL,NULL,NULL,NULL);
INSERT INTO shipment_lines VALUES(4201,370,'017005',3,3,1480,4440,NULL,NULL,NULL,NULL,NULL);
INSERT INTO shipment_lines VALUES(4208,371,'015001',8,8,8919,71352,NULL,NULL,NULL,NULL,NULL);
INSERT INTO shipment_lines VALUES(4209,371,'017005',4,4,1480,5920,NULL,NULL,NULL,NULL,NULL);
INSERT INTO shipment_lines VALUES(4210,372,'016019',5,5,6938,34690,NULL,NULL,NULL,NULL,NULL);
INSERT INTO shipment_lines VALUES(4223,373,'001001',6,6,24600,147600,NULL,NULL,NULL,NULL,NULL);
INSERT INTO shipment_lines VALUES(4224,374,'001001',8,8,24600,196800,NULL,NULL,NULL,NULL,NULL);
INSERT INTO shipment_lines VALUES(4225,375,'001001',5,5,24600,123000,NULL,NULL,NULL,NULL,NULL);
INSERT INTO shipment_lines VALUES(4226,376,'001018',1,1,1231,1231,NULL,NULL,NULL,NULL,NULL);
INSERT INTO shipment_lines VALUES(4227,376,'002007',1,1,735,735,NULL,NULL,NULL,NULL,NULL);
INSERT INTO shipment_lines VALUES(4228,376,'002009',1,1,821,821,NULL,NULL,NULL,NULL,NULL);
INSERT INTO shipment_lines VALUES(4229,376,'002012',1,1,1056,1056,NULL,NULL,NULL,NULL,NULL);
INSERT INTO shipment_lines VALUES(4230,376,'002015',1,1,1100,1100,NULL,NULL,NULL,NULL,NULL);
INSERT INTO shipment_lines VALUES(4231,376,'002019',1,1,1205,1205,NULL,NULL,NULL,NULL,NULL);
INSERT INTO shipment_lines VALUES(4232,376,'002029',1,1,1194,1194,NULL,NULL,NULL,NULL,NULL);
INSERT INTO shipment_lines VALUES(4233,376,'002075',1,1,700,700,NULL,NULL,NULL,NULL,NULL);
INSERT INTO shipment_lines VALUES(4234,376,'002340',1,1,924,924,NULL,NULL,NULL,NULL,NULL);
INSERT INTO shipment_lines VALUES(4235,376,'002341',1,1,390,390,NULL,NULL,NULL,NULL,NULL);
INSERT INTO shipment_lines VALUES(4236,376,'002356',1,1,1680,1680,NULL,NULL,NULL,NULL,NULL);
INSERT INTO shipment_lines VALUES(4237,376,'002365',1,1,552.5,552.5,NULL,NULL,NULL,NULL,NULL);
INSERT INTO shipment_lines VALUES(4238,376,'002397',1,1,792,792,NULL,NULL,NULL,NULL,NULL);
INSERT INTO shipment_lines VALUES(4239,376,'002455',1,1,1315,1315,NULL,NULL,NULL,NULL,NULL);
INSERT INTO shipment_lines VALUES(4240,376,'002460',1,1,1085,1085,NULL,NULL,NULL,NULL,NULL);
INSERT INTO shipment_lines VALUES(4241,376,'002501',1,1,2286,2286,NULL,NULL,NULL,NULL,NULL);
INSERT INTO shipment_lines VALUES(4242,376,'002590',1,1,1274,1274,NULL,NULL,NULL,NULL,NULL);
INSERT INTO shipment_lines VALUES(4243,376,'002625',1,1,327,327,NULL,NULL,NULL,NULL,NULL);
INSERT INTO shipment_lines VALUES(4244,376,'002654',1,1,1027,1027,NULL,NULL,NULL,NULL,NULL);
INSERT INTO shipment_lines VALUES(4245,376,'002677',1,1,1527,1527,NULL,NULL,NULL,NULL,NULL);
INSERT INTO shipment_lines VALUES(4246,376,'002703',1,1,1521,1521,NULL,NULL,NULL,NULL,NULL);
INSERT INTO shipment_lines VALUES(4247,376,'002711',1,1,932,932,NULL,NULL,NULL,NULL,NULL);
INSERT INTO shipment_lines VALUES(4248,376,'003045',1,1,382,382,NULL,NULL,NULL,NULL,NULL);
INSERT INTO shipment_lines VALUES(4249,376,'003050',1,1,1895,1895,NULL,NULL,NULL,NULL,NULL);
INSERT INTO shipment_lines VALUES(4250,376,'004044',1,1,497,497,NULL,NULL,NULL,NULL,NULL);
INSERT INTO shipment_lines VALUES(4251,376,'016035',1,1,777,777,NULL,NULL,NULL,NULL,NULL);
INSERT INTO shipment_lines VALUES(4252,376,'016048',1,1,456,456,NULL,NULL,NULL,NULL,NULL);
INSERT INTO shipment_lines VALUES(4253,376,'020018',1,1,170,170,NULL,NULL,NULL,NULL,NULL);
INSERT INTO shipment_lines VALUES(4254,376,'020084',1,1,283,283,NULL,NULL,NULL,NULL,NULL);
INSERT INTO shipment_lines VALUES(4255,376,'020090',1,1,330,330,NULL,NULL,NULL,NULL,NULL);
INSERT INTO shipment_lines VALUES(4256,376,'020187',1,1,122,122,NULL,NULL,NULL,NULL,NULL);
INSERT INTO shipment_lines VALUES(4257,376,'020207',1,1,209,209,NULL,NULL,NULL,NULL,NULL);
INSERT INTO shipment_lines VALUES(4258,376,'020301',1,1,219,219,NULL,NULL,NULL,NULL,NULL);
INSERT INTO shipment_lines VALUES(4259,376,'020302',1,1,292,292,NULL,NULL,NULL,NULL,NULL);
INSERT INTO shipment_lines VALUES(4260,376,'020332',1,1,1752,1752,NULL,NULL,NULL,NULL,NULL);
INSERT INTO shipment_lines VALUES(4261,376,'020345',1,1,1680,1680,NULL,NULL,NULL,NULL,NULL);
INSERT INTO shipment_lines VALUES(4262,376,'020355',1,1,230,230,NULL,NULL,NULL,NULL,NULL);
INSERT INTO shipment_lines VALUES(4263,376,'020382',1,1,319,319,NULL,NULL,NULL,NULL,NULL);
INSERT INTO shipment_lines VALUES(4264,377,'015001',1,1,8919,8919,NULL,NULL,NULL,NULL,NULL);
INSERT INTO shipment_lines VALUES(4265,377,'017005',1,1,1480,1480,NULL,NULL,NULL,NULL,NULL);
INSERT INTO shipment_lines VALUES(4266,378,'016019',1,1,6938,6938,NULL,NULL,NULL,NULL,NULL);
INSERT INTO shipment_lines VALUES(4267,379,'001018',1,1,1231,1231,NULL,NULL,NULL,NULL,NULL);
INSERT INTO shipment_lines VALUES(4268,379,'002007',1,1,735,735,NULL,NULL,NULL,NULL,NULL);
INSERT INTO shipment_lines VALUES(4269,379,'002009',1,1,821,821,NULL,NULL,NULL,NULL,NULL);
INSERT INTO shipment_lines VALUES(4270,379,'002012',1,1,1056,1056,NULL,NULL,NULL,NULL,NULL);
INSERT INTO shipment_lines VALUES(4271,379,'002015',1,1,1100,1100,NULL,NULL,NULL,NULL,NULL);
INSERT INTO shipment_lines VALUES(4272,379,'002019',1,1,1205,1205,NULL,NULL,NULL,NULL,NULL);
INSERT INTO shipment_lines VALUES(4273,379,'002029',1,1,1194,1194,NULL,NULL,NULL,NULL,NULL);
INSERT INTO shipment_lines VALUES(4274,379,'002075',1,1,700,700,NULL,NULL,NULL,NULL,NULL);
INSERT INTO shipment_lines VALUES(4275,379,'002340',1,1,924,924,NULL,NULL,NULL,NULL,NULL);
INSERT INTO shipment_lines VALUES(4276,379,'002341',1,1,390,390,NULL,NULL,NULL,NULL,NULL);
INSERT INTO shipment_lines VALUES(4277,379,'002356',1,1,1680,1680,NULL,NULL,NULL,NULL,NULL);
INSERT INTO shipment_lines VALUES(4278,379,'002365',1,1,552.5,552.5,NULL,NULL,NULL,NULL,NULL);
INSERT INTO shipment_lines VALUES(4279,379,'002397',1,1,792,792,NULL,NULL,NULL,NULL,NULL);
INSERT INTO shipment_lines VALUES(4280,379,'002455',1,1,1315,1315,NULL,NULL,NULL,NULL,NULL);
INSERT INTO shipment_lines VALUES(4281,379,'002460',1,1,1085,1085,NULL,NULL,NULL,NULL,NULL);
INSERT INTO shipment_lines VALUES(4282,379,'002501',1,1,2286,2286,NULL,NULL,NULL,NULL,NULL);
INSERT INTO shipment_lines VALUES(4283,379,'002590',1,1,1274,1274,NULL,NULL,NULL,NULL,NULL);
INSERT INTO shipment_lines VALUES(4284,379,'002625',1,1,327,327,NULL,NULL,NULL,NULL,NULL);
INSERT INTO shipment_lines VALUES(4285,379,'002654',1,1,1027,1027,NULL,NULL,NULL,NULL,NULL);
INSERT INTO shipment_lines VALUES(4286,379,'002677',1,1,1527,1527,NULL,NULL,NULL,NULL,NULL);
INSERT INTO shipment_lines VALUES(4287,379,'002703',1,1,1521,1521,NULL,NULL,NULL,NULL,NULL);
INSERT INTO shipment_lines VALUES(4288,379,'002711',1,1,932,932,NULL,NULL,NULL,NULL,NULL);
INSERT INTO shipment_lines VALUES(4289,379,'003045',1,1,382,382,NULL,NULL,NULL,NULL,NULL);
INSERT INTO shipment_lines VALUES(4290,379,'003050',1,1,1895,1895,NULL,NULL,NULL,NULL,NULL);
INSERT INTO shipment_lines VALUES(4291,379,'004044',1,1,497,497,NULL,NULL,NULL,NULL,NULL);
INSERT INTO shipment_lines VALUES(4292,379,'016035',1,1,777,777,NULL,NULL,NULL,NULL,NULL);
INSERT INTO shipment_lines VALUES(4293,379,'016048',1,1,456,456,NULL,NULL,NULL,NULL,NULL);
INSERT INTO shipment_lines VALUES(4294,379,'020018',1,1,170,170,NULL,NULL,NULL,NULL,NULL);
INSERT INTO shipment_lines VALUES(4295,379,'020084',1,1,283,283,NULL,NULL,NULL,NULL,NULL);
INSERT INTO shipment_lines VALUES(4296,379,'020090',1,1,330,330,NULL,NULL,NULL,NULL,NULL);
INSERT INTO shipment_lines VALUES(4297,379,'020187',1,1,122,122,NULL,NULL,NULL,NULL,NULL);
INSERT INTO shipment_lines VALUES(4298,379,'020207',1,1,209,209,NULL,NULL,NULL,NULL,NULL);
INSERT INTO shipment_lines VALUES(4299,379,'020301',1,1,219,219,NULL,NULL,NULL,NULL,NULL);
INSERT INTO shipment_lines VALUES(4300,379,'020302',1,1,292,292,NULL,NULL,NULL,NULL,NULL);
INSERT INTO shipment_lines VALUES(4301,379,'020332',1,1,1752,1752,NULL,NULL,NULL,NULL,NULL);
INSERT INTO shipment_lines VALUES(4302,379,'020345',1,1,1680,1680,NULL,NULL,NULL,NULL,NULL);
INSERT INTO shipment_lines VALUES(4303,379,'020355',1,1,230,230,NULL,NULL,NULL,NULL,NULL);
INSERT INTO shipment_lines VALUES(4304,379,'020382',1,1,319,319,NULL,NULL,NULL,NULL,NULL);
INSERT INTO shipment_lines VALUES(4305,380,'015001',1,1,8919,8919,NULL,NULL,NULL,NULL,NULL);
INSERT INTO shipment_lines VALUES(4306,380,'017005',1,1,1480,1480,NULL,NULL,NULL,NULL,NULL);
INSERT INTO shipment_lines VALUES(4307,381,'016019',1,1,6938,6938,NULL,NULL,NULL,NULL,NULL);
INSERT INTO shipment_lines VALUES(4308,382,'001018',1,1,1231,1231,NULL,NULL,NULL,NULL,NULL);
INSERT INTO shipment_lines VALUES(4309,382,'002007',1,1,735,735,NULL,NULL,NULL,NULL,NULL);
INSERT INTO shipment_lines VALUES(4310,382,'002009',1,1,821,821,NULL,NULL,NULL,NULL,NULL);
INSERT INTO shipment_lines VALUES(4311,382,'002012',1,1,1056,1056,NULL,NULL,NULL,NULL,NULL);
INSERT INTO shipment_lines VALUES(4312,382,'002015',1,1,1100,1100,NULL,NULL,NULL,NULL,NULL);
INSERT INTO shipment_lines VALUES(4313,382,'002019',1,1,1205,1205,NULL,NULL,NULL,NULL,NULL);
INSERT INTO shipment_lines VALUES(4314,382,'002029',1,1,1194,1194,NULL,NULL,NULL,NULL,NULL);
INSERT INTO shipment_lines VALUES(4315,382,'002075',1,1,700,700,NULL,NULL,NULL,NULL,NULL);
INSERT INTO shipment_lines VALUES(4316,382,'002340',1,1,924,924,NULL,NULL,NULL,NULL,NULL);
INSERT INTO shipment_lines VALUES(4317,382,'002341',1,1,390,390,NULL,NULL,NULL,NULL,NULL);
INSERT INTO shipment_lines VALUES(4318,382,'002356',1,1,1680,1680,NULL,NULL,NULL,NULL,NULL);
INSERT INTO shipment_lines VALUES(4319,382,'002365',1,1,552.5,552.5,NULL,NULL,NULL,NULL,NULL);
INSERT INTO shipment_lines VALUES(4320,382,'002397',1,1,792,792,NULL,NULL,NULL,NULL,NULL);
INSERT INTO shipment_lines VALUES(4321,382,'002455',1,1,1315,1315,NULL,NULL,NULL,NULL,NULL);
INSERT INTO shipment_lines VALUES(4322,382,'002460',1,1,1085,1085,NULL,NULL,NULL,NULL,NULL);
INSERT INTO shipment_lines VALUES(4323,382,'002501',1,1,2286,2286,NULL,NULL,NULL,NULL,NULL);
INSERT INTO shipment_lines VALUES(4324,382,'002590',1,1,1274,1274,NULL,NULL,NULL,NULL,NULL);
INSERT INTO shipment_lines VALUES(4325,382,'002625',1,1,327,327,NULL,NULL,NULL,NULL,NULL);
INSERT INTO shipment_lines VALUES(4326,382,'002654',1,1,1027,1027,NULL,NULL,NULL,NULL,NULL);
INSERT INTO shipment_lines VALUES(4327,382,'002677',1,1,1527,1527,NULL,NULL,NULL,NULL,NULL);
INSERT INTO shipment_lines VALUES(4328,382,'002703',1,1,1521,1521,NULL,NULL,NULL,NULL,NULL);
INSERT INTO shipment_lines VALUES(4329,382,'002711',1,1,932,932,NULL,NULL,NULL,NULL,NULL);
INSERT INTO shipment_lines VALUES(4330,382,'003050',1,1,1895,1895,NULL,NULL,NULL,NULL,NULL);
INSERT INTO shipment_lines VALUES(4331,382,'004044',1,1,497,497,NULL,NULL,NULL,NULL,NULL);
INSERT INTO shipment_lines VALUES(4332,382,'016035',1,1,777,777,NULL,NULL,NULL,NULL,NULL);
INSERT INTO shipment_lines VALUES(4333,382,'016048',1,1,456,456,NULL,NULL,NULL,NULL,NULL);
INSERT INTO shipment_lines VALUES(4334,382,'020018',1,1,170,170,NULL,NULL,NULL,NULL,NULL);
INSERT INTO shipment_lines VALUES(4335,382,'020084',1,1,283,283,NULL,NULL,NULL,NULL,NULL);
INSERT INTO shipment_lines VALUES(4336,382,'020090',1,1,330,330,NULL,NULL,NULL,NULL,NULL);
INSERT INTO shipment_lines VALUES(4337,382,'020187',1,1,122,122,NULL,NULL,NULL,NULL,NULL);
INSERT INTO shipment_lines VALUES(4338,382,'020207',1,1,209,209,NULL,NULL,NULL,NULL,NULL);
INSERT INTO shipment_lines VALUES(4339,382,'020301',1,1,219,219,NULL,NULL,NULL,NULL,NULL);
INSERT INTO shipment_lines VALUES(4340,382,'020302',1,1,292,292,NULL,NULL,NULL,NULL,NULL);
INSERT INTO shipment_lines VALUES(4341,382,'020332',1,1,1752,1752,NULL,NULL,NULL,NULL,NULL);
INSERT INTO shipment_lines VALUES(4342,382,'020345',1,1,1680,1680,NULL,NULL,NULL,NULL,NULL);
INSERT INTO shipment_lines VALUES(4343,382,'020355',1,1,230,230,NULL,NULL,NULL,NULL,NULL);
INSERT INTO shipment_lines VALUES(4344,382,'020382',1,1,319,319,NULL,NULL,NULL,NULL,NULL);
INSERT INTO shipment_lines VALUES(4953,383,'011004',1,1,0,0,'c/s','10CS以上2CS単位','ambient','','');
INSERT INTO shipment_lines VALUES(4997,385,'016019',1,1,6938,6938,'','',NULL,'','');
INSERT INTO shipment_lines VALUES(4998,384,'015001',1,0,8919,0,'','',NULL,'','');
INSERT INTO shipment_lines VALUES(4999,384,'017005',1,1,1480,1480,'','',NULL,'','');
INSERT INTO shipment_lines VALUES(5004,395,'011004',1,1,750,750,NULL,NULL,NULL,NULL,NULL);
INSERT INTO shipment_lines VALUES(5005,396,'001001',1,1,24600,24600,NULL,NULL,NULL,NULL,NULL);
INSERT INTO shipment_lines VALUES(5008,398,'011004',1,1,750,750,NULL,NULL,NULL,NULL,NULL);
INSERT INTO shipment_lines VALUES(5009,399,'001001',1,1,24600,24600,NULL,NULL,NULL,NULL,NULL);
INSERT INTO shipment_lines VALUES(5012,393,'001001',1,1,24600,24600,'','',NULL,'','');
INSERT INTO shipment_lines VALUES(5013,401,'015001',1,1,8919,8919,NULL,NULL,NULL,NULL,NULL);
INSERT INTO shipment_lines VALUES(5015,402,'001001',5,5,0,0,'袋','袋＝30kg','ambient','','');
INSERT INTO shipment_lines VALUES(5018,403,'001001',10,10,24600,246000,NULL,NULL,NULL,NULL,NULL);
INSERT INTO shipment_lines VALUES(5019,404,'001001',10,10,24600,246000,NULL,NULL,NULL,NULL,NULL);
INSERT INTO shipment_lines VALUES(5020,405,'001001',10,10,24600,246000,NULL,NULL,NULL,NULL,NULL);
INSERT INTO shipment_lines VALUES(5021,406,'015001',10,10,8919,89190,NULL,NULL,NULL,NULL,NULL);
INSERT INTO shipment_lines VALUES(5022,406,'017005',5,5,1480,7400,NULL,NULL,NULL,NULL,NULL);
INSERT INTO shipment_lines VALUES(5023,407,'016019',5,5,6938,34690,NULL,NULL,NULL,NULL,NULL);
INSERT INTO shipment_lines VALUES(5042,408,'015001',10,10,8919,89190,NULL,NULL,NULL,NULL,NULL);
INSERT INTO shipment_lines VALUES(5043,408,'017005',5,5,1480,7400,NULL,NULL,NULL,NULL,NULL);
INSERT INTO shipment_lines VALUES(5044,409,'016019',5,5,6938,34690,NULL,NULL,NULL,NULL,NULL);
INSERT INTO shipment_lines VALUES(5045,410,'011004',10,10,750,7500,NULL,NULL,NULL,NULL,NULL);
INSERT INTO shipment_lines VALUES(5046,411,'001018',1,1,1231,1231,NULL,NULL,NULL,NULL,NULL);
INSERT INTO shipment_lines VALUES(5047,411,'002007',1,1,735,735,NULL,NULL,NULL,NULL,NULL);
INSERT INTO shipment_lines VALUES(5048,411,'002009',1,1,821,821,NULL,NULL,NULL,NULL,NULL);
INSERT INTO shipment_lines VALUES(5049,411,'002012',1,1,1056,1056,NULL,NULL,NULL,NULL,NULL);
INSERT INTO shipment_lines VALUES(5050,411,'002015',1,1,1100,1100,NULL,NULL,NULL,NULL,NULL);
INSERT INTO shipment_lines VALUES(5051,411,'002019',1,1,1205,1205,NULL,NULL,NULL,NULL,NULL);
INSERT INTO shipment_lines VALUES(5052,411,'002029',1,1,1194,1194,NULL,NULL,NULL,NULL,NULL);
INSERT INTO shipment_lines VALUES(5053,411,'002075',1,1,700,700,NULL,NULL,NULL,NULL,NULL);
INSERT INTO shipment_lines VALUES(5054,411,'002340',1,1,924,924,NULL,NULL,NULL,NULL,NULL);
INSERT INTO shipment_lines VALUES(5055,411,'002341',1,1,390,390,NULL,NULL,NULL,NULL,NULL);
INSERT INTO shipment_lines VALUES(5056,411,'002356',1,1,1680,1680,NULL,NULL,NULL,NULL,NULL);
INSERT INTO shipment_lines VALUES(5057,411,'002365',1,1,552.5,552.5,NULL,NULL,NULL,NULL,NULL);
INSERT INTO shipment_lines VALUES(5058,411,'002397',1,1,792,792,NULL,NULL,NULL,NULL,NULL);
INSERT INTO shipment_lines VALUES(5059,411,'002455',1,1,1315,1315,NULL,NULL,NULL,NULL,NULL);
INSERT INTO shipment_lines VALUES(5060,411,'002460',1,1,1085,1085,NULL,NULL,NULL,NULL,NULL);
INSERT INTO shipment_lines VALUES(5061,411,'002501',1,1,2286,2286,NULL,NULL,NULL,NULL,NULL);
INSERT INTO shipment_lines VALUES(5062,411,'002590',1,1,1274,1274,NULL,NULL,NULL,NULL,NULL);
INSERT INTO shipment_lines VALUES(5063,411,'002625',1,1,327,327,NULL,NULL,NULL,NULL,NULL);
INSERT INTO shipment_lines VALUES(5064,411,'002654',1,1,1027,1027,NULL,NULL,NULL,NULL,NULL);
INSERT INTO shipment_lines VALUES(5065,411,'002677',1,1,1527,1527,NULL,NULL,NULL,NULL,NULL);
INSERT INTO shipment_lines VALUES(5066,411,'002703',1,1,1521,1521,NULL,NULL,NULL,NULL,NULL);
INSERT INTO shipment_lines VALUES(5067,411,'002711',1,1,932,932,NULL,NULL,NULL,NULL,NULL);
INSERT INTO shipment_lines VALUES(5068,411,'003045',1,1,382,382,NULL,NULL,NULL,NULL,NULL);
INSERT INTO shipment_lines VALUES(5069,411,'003050',1,1,1895,1895,NULL,NULL,NULL,NULL,NULL);
INSERT INTO shipment_lines VALUES(5070,411,'004044',1,1,497,497,NULL,NULL,NULL,NULL,NULL);
INSERT INTO shipment_lines VALUES(5071,411,'016035',1,1,777,777,NULL,NULL,NULL,NULL,NULL);
INSERT INTO shipment_lines VALUES(5072,411,'016048',1,1,456,456,NULL,NULL,NULL,NULL,NULL);
INSERT INTO shipment_lines VALUES(5073,411,'020018',1,1,170,170,NULL,NULL,NULL,NULL,NULL);
INSERT INTO shipment_lines VALUES(5074,411,'020084',1,1,283,283,NULL,NULL,NULL,NULL,NULL);
INSERT INTO shipment_lines VALUES(5075,411,'020090',1,1,330,330,NULL,NULL,NULL,NULL,NULL);
INSERT INTO shipment_lines VALUES(5076,411,'020187',1,1,122,122,NULL,NULL,NULL,NULL,NULL);
INSERT INTO shipment_lines VALUES(5077,411,'020207',1,1,209,209,NULL,NULL,NULL,NULL,NULL);
INSERT INTO shipment_lines VALUES(5078,411,'020301',1,1,219,219,NULL,NULL,NULL,NULL,NULL);
INSERT INTO shipment_lines VALUES(5079,411,'020302',1,1,292,292,NULL,NULL,NULL,NULL,NULL);
INSERT INTO shipment_lines VALUES(5080,411,'020332',1,1,1752,1752,NULL,NULL,NULL,NULL,NULL);
INSERT INTO shipment_lines VALUES(5081,411,'020345',1,1,1680,1680,NULL,NULL,NULL,NULL,NULL);
INSERT INTO shipment_lines VALUES(5082,411,'020355',1,1,230,230,NULL,NULL,NULL,NULL,NULL);
INSERT INTO shipment_lines VALUES(5083,411,'020382',1,1,319,319,NULL,NULL,NULL,NULL,NULL);
INSERT INTO shipment_lines VALUES(5084,412,'015001',10,10,8919,89190,NULL,NULL,NULL,NULL,NULL);
INSERT INTO shipment_lines VALUES(5085,412,'017005',5,5,1480,7400,NULL,NULL,NULL,NULL,NULL);
INSERT INTO shipment_lines VALUES(5086,413,'016019',5,5,6938,34690,NULL,NULL,NULL,NULL,NULL);
INSERT INTO shipment_lines VALUES(5087,414,'011004',10,10,960,9600,NULL,NULL,NULL,NULL,NULL);
INSERT INTO shipment_lines VALUES(5088,415,'001018',1,1,1231,1231,NULL,NULL,NULL,NULL,NULL);
INSERT INTO shipment_lines VALUES(5089,415,'002007',1,1,735,735,NULL,NULL,NULL,NULL,NULL);
INSERT INTO shipment_lines VALUES(5090,415,'002009',1,1,821,821,NULL,NULL,NULL,NULL,NULL);
INSERT INTO shipment_lines VALUES(5091,415,'002012',1,1,1056,1056,NULL,NULL,NULL,NULL,NULL);
INSERT INTO shipment_lines VALUES(5092,415,'002015',1,1,1100,1100,NULL,NULL,NULL,NULL,NULL);
INSERT INTO shipment_lines VALUES(5093,415,'002019',1,1,1205,1205,NULL,NULL,NULL,NULL,NULL);
INSERT INTO shipment_lines VALUES(5094,415,'002029',1,1,1194,1194,NULL,NULL,NULL,NULL,NULL);
INSERT INTO shipment_lines VALUES(5095,415,'002075',1,1,700,700,NULL,NULL,NULL,NULL,NULL);
INSERT INTO shipment_lines VALUES(5096,415,'002340',1,1,924,924,NULL,NULL,NULL,NULL,NULL);
INSERT INTO shipment_lines VALUES(5097,415,'002341',1,1,390,390,NULL,NULL,NULL,NULL,NULL);
INSERT INTO shipment_lines VALUES(5098,415,'002356',1,1,1680,1680,NULL,NULL,NULL,NULL,NULL);
INSERT INTO shipment_lines VALUES(5099,415,'002365',1,1,552.5,552.5,NULL,NULL,NULL,NULL,NULL);
INSERT INTO shipment_lines VALUES(5100,415,'002397',1,1,792,792,NULL,NULL,NULL,NULL,NULL);
INSERT INTO shipment_lines VALUES(5101,415,'002455',1,1,1315,1315,NULL,NULL,NULL,NULL,NULL);
INSERT INTO shipment_lines VALUES(5102,415,'002460',1,1,1085,1085,NULL,NULL,NULL,NULL,NULL);
INSERT INTO shipment_lines VALUES(5103,415,'002501',1,1,2286,2286,NULL,NULL,NULL,NULL,NULL);
INSERT INTO shipment_lines VALUES(5104,415,'002590',1,1,1274,1274,NULL,NULL,NULL,NULL,NULL);
INSERT INTO shipment_lines VALUES(5105,415,'002625',1,1,327,327,NULL,NULL,NULL,NULL,NULL);
INSERT INTO shipment_lines VALUES(5106,415,'002654',1,1,1027,1027,NULL,NULL,NULL,NULL,NULL);
INSERT INTO shipment_lines VALUES(5107,415,'002677',1,1,1527,1527,NULL,NULL,NULL,NULL,NULL);
INSERT INTO shipment_lines VALUES(5108,415,'002703',1,1,1521,1521,NULL,NULL,NULL,NULL,NULL);
INSERT INTO shipment_lines VALUES(5109,415,'002711',1,1,932,932,NULL,NULL,NULL,NULL,NULL);
INSERT INTO shipment_lines VALUES(5110,415,'003050',1,1,1895,1895,NULL,NULL,NULL,NULL,NULL);
INSERT INTO shipment_lines VALUES(5111,415,'004044',1,1,497,497,NULL,NULL,NULL,NULL,NULL);
INSERT INTO shipment_lines VALUES(5112,415,'016035',1,1,777,777,NULL,NULL,NULL,NULL,NULL);
INSERT INTO shipment_lines VALUES(5113,415,'016048',1,1,456,456,NULL,NULL,NULL,NULL,NULL);
INSERT INTO shipment_lines VALUES(5114,415,'020018',1,1,170,170,NULL,NULL,NULL,NULL,NULL);
INSERT INTO shipment_lines VALUES(5115,415,'020084',1,1,283,283,NULL,NULL,NULL,NULL,NULL);
INSERT INTO shipment_lines VALUES(5116,415,'020090',1,1,330,330,NULL,NULL,NULL,NULL,NULL);
INSERT INTO shipment_lines VALUES(5117,415,'020187',1,1,122,122,NULL,NULL,NULL,NULL,NULL);
INSERT INTO shipment_lines VALUES(5118,415,'020207',1,1,209,209,NULL,NULL,NULL,NULL,NULL);
INSERT INTO shipment_lines VALUES(5119,415,'020301',1,1,219,219,NULL,NULL,NULL,NULL,NULL);
INSERT INTO shipment_lines VALUES(5120,415,'020302',1,1,292,292,NULL,NULL,NULL,NULL,NULL);
INSERT INTO shipment_lines VALUES(5121,415,'020332',1,1,1752,1752,NULL,NULL,NULL,NULL,NULL);
INSERT INTO shipment_lines VALUES(5122,415,'020345',1,1,1680,1680,NULL,NULL,NULL,NULL,NULL);
INSERT INTO shipment_lines VALUES(5123,415,'020355',1,1,230,230,NULL,NULL,NULL,NULL,NULL);
INSERT INTO shipment_lines VALUES(5124,415,'020382',1,1,319,319,NULL,NULL,NULL,NULL,NULL);
INSERT INTO shipment_lines VALUES(5125,416,'011004',10,10,750,7500,NULL,NULL,NULL,NULL,NULL);
INSERT INTO shipment_lines VALUES(5126,417,'001018',1,1,1231,1231,NULL,NULL,NULL,NULL,NULL);
INSERT INTO shipment_lines VALUES(5127,417,'002007',1,1,735,735,NULL,NULL,NULL,NULL,NULL);
INSERT INTO shipment_lines VALUES(5128,417,'002009',1,1,821,821,NULL,NULL,NULL,NULL,NULL);
INSERT INTO shipment_lines VALUES(5129,417,'002012',1,1,1056,1056,NULL,NULL,NULL,NULL,NULL);
INSERT INTO shipment_lines VALUES(5130,417,'002015',1,1,1100,1100,NULL,NULL,NULL,NULL,NULL);
INSERT INTO shipment_lines VALUES(5131,417,'002019',1,1,1205,1205,NULL,NULL,NULL,NULL,NULL);
INSERT INTO shipment_lines VALUES(5132,417,'002029',1,1,1194,1194,NULL,NULL,NULL,NULL,NULL);
INSERT INTO shipment_lines VALUES(5133,417,'002075',1,1,700,700,NULL,NULL,NULL,NULL,NULL);
INSERT INTO shipment_lines VALUES(5134,417,'002340',1,1,924,924,NULL,NULL,NULL,NULL,NULL);
INSERT INTO shipment_lines VALUES(5135,417,'002341',1,1,390,390,NULL,NULL,NULL,NULL,NULL);
INSERT INTO shipment_lines VALUES(5136,417,'002356',1,1,1680,1680,NULL,NULL,NULL,NULL,NULL);
INSERT INTO shipment_lines VALUES(5137,417,'002365',1,1,552.5,552.5,NULL,NULL,NULL,NULL,NULL);
INSERT INTO shipment_lines VALUES(5138,417,'002397',1,1,792,792,NULL,NULL,NULL,NULL,NULL);
INSERT INTO shipment_lines VALUES(5139,417,'002455',1,1,1315,1315,NULL,NULL,NULL,NULL,NULL);
INSERT INTO shipment_lines VALUES(5140,417,'002460',1,1,1085,1085,NULL,NULL,NULL,NULL,NULL);
INSERT INTO shipment_lines VALUES(5141,417,'002501',1,1,2286,2286,NULL,NULL,NULL,NULL,NULL);
INSERT INTO shipment_lines VALUES(5142,417,'002590',1,1,1274,1274,NULL,NULL,NULL,NULL,NULL);
INSERT INTO shipment_lines VALUES(5143,417,'002625',1,1,327,327,NULL,NULL,NULL,NULL,NULL);
INSERT INTO shipment_lines VALUES(5144,417,'002654',1,1,1027,1027,NULL,NULL,NULL,NULL,NULL);
INSERT INTO shipment_lines VALUES(5145,417,'002677',1,1,1527,1527,NULL,NULL,NULL,NULL,NULL);
INSERT INTO shipment_lines VALUES(5146,417,'002703',1,1,1521,1521,NULL,NULL,NULL,NULL,NULL);
INSERT INTO shipment_lines VALUES(5147,417,'002711',1,1,932,932,NULL,NULL,NULL,NULL,NULL);
INSERT INTO shipment_lines VALUES(5148,417,'003045',1,1,382,382,NULL,NULL,NULL,NULL,NULL);
INSERT INTO shipment_lines VALUES(5149,417,'003050',1,1,1895,1895,NULL,NULL,NULL,NULL,NULL);
INSERT INTO shipment_lines VALUES(5150,417,'004044',1,1,497,497,NULL,NULL,NULL,NULL,NULL);
INSERT INTO shipment_lines VALUES(5151,417,'016035',1,1,777,777,NULL,NULL,NULL,NULL,NULL);
INSERT INTO shipment_lines VALUES(5152,417,'016048',1,1,456,456,NULL,NULL,NULL,NULL,NULL);
INSERT INTO shipment_lines VALUES(5153,417,'020018',1,1,170,170,NULL,NULL,NULL,NULL,NULL);
INSERT INTO shipment_lines VALUES(5154,417,'020084',1,1,283,283,NULL,NULL,NULL,NULL,NULL);
INSERT INTO shipment_lines VALUES(5155,417,'020090',1,1,330,330,NULL,NULL,NULL,NULL,NULL);
INSERT INTO shipment_lines VALUES(5156,417,'020187',1,1,122,122,NULL,NULL,NULL,NULL,NULL);
INSERT INTO shipment_lines VALUES(5157,417,'020207',1,1,209,209,NULL,NULL,NULL,NULL,NULL);
INSERT INTO shipment_lines VALUES(5158,417,'020301',1,1,219,219,NULL,NULL,NULL,NULL,NULL);
INSERT INTO shipment_lines VALUES(5159,417,'020302',1,1,292,292,NULL,NULL,NULL,NULL,NULL);
INSERT INTO shipment_lines VALUES(5160,417,'020332',1,1,1752,1752,NULL,NULL,NULL,NULL,NULL);
INSERT INTO shipment_lines VALUES(5161,417,'020345',1,1,1680,1680,NULL,NULL,NULL,NULL,NULL);
INSERT INTO shipment_lines VALUES(5162,417,'020355',1,1,230,230,NULL,NULL,NULL,NULL,NULL);
INSERT INTO shipment_lines VALUES(5163,417,'020382',1,1,319,319,NULL,NULL,NULL,NULL,NULL);
CREATE TABLE inspection_lines (
  id             INTEGER PRIMARY KEY AUTOINCREMENT,
  inspection_id  INTEGER NOT NULL,
  item_id        CHAR(6) NOT NULL,
  ship_qty       REAL NOT NULL DEFAULT 0,  -- 出荷数量（参照用）
  inspected_qty  REAL NOT NULL DEFAULT 0,  -- 検品数量（編集対象）
  diff_qty       REAL NOT NULL DEFAULT 0,  -- inspected_qty - ship_qty
  unit           TEXT,
  spec           TEXT,
  temp_zone      TEXT,
  lot_no         TEXT,
  note           TEXT,
  created_at     TEXT NOT NULL DEFAULT (datetime('now','localtime')),
  updated_at     TEXT NOT NULL DEFAULT (datetime('now','localtime')),
  UNIQUE(inspection_id, item_id),
  FOREIGN KEY (inspection_id) REFERENCES inspections(id)
);
INSERT INTO inspection_lines VALUES(5,1,'016019',8.0,8.0,0.0,'','',NULL,'','','2025-11-21 17:25:13','2025-11-21 17:25:13');
INSERT INTO inspection_lines VALUES(6,2,'001001',1.0,1.0,0.0,'','',NULL,'','','2025-11-21 17:25:13','2025-11-21 17:25:13');
INSERT INTO inspection_lines VALUES(7,3,'015001',1.0,1.0,0.0,NULL,NULL,NULL,NULL,NULL,'2025-11-21 17:25:13','2025-11-21 17:25:13');
INSERT INTO inspection_lines VALUES(8,4,'015001',2.0,2.0,0.0,NULL,NULL,NULL,NULL,NULL,'2025-11-21 17:25:13','2025-11-21 17:25:13');
INSERT INTO inspection_lines VALUES(9,4,'017005',2.0,2.0,0.0,NULL,NULL,NULL,NULL,NULL,'2025-11-21 17:25:13','2025-11-21 17:25:13');
INSERT INTO inspection_lines VALUES(10,5,'016019',2.0,2.0,0.0,NULL,NULL,NULL,NULL,NULL,'2025-11-21 17:25:13','2025-11-21 17:25:13');
INSERT INTO inspection_lines VALUES(11,6,'011004',1.0,1.0,0.0,NULL,NULL,NULL,NULL,NULL,'2025-11-21 17:25:13','2025-11-21 17:25:13');
INSERT INTO inspection_lines VALUES(12,7,'011004',2.0,2.0,0.0,NULL,NULL,NULL,NULL,NULL,'2025-11-21 17:25:13','2025-11-21 17:25:13');
INSERT INTO inspection_lines VALUES(13,8,'001018',1.0,1.0,0.0,NULL,NULL,NULL,NULL,NULL,'2025-11-21 17:25:13','2025-11-21 17:25:13');
INSERT INTO inspection_lines VALUES(14,9,'001018',2.0,2.0,0.0,NULL,NULL,NULL,NULL,NULL,'2025-11-21 17:25:13','2025-11-21 17:25:13');
INSERT INTO inspection_lines VALUES(15,9,'002007',2.0,2.0,0.0,NULL,NULL,NULL,NULL,NULL,'2025-11-21 17:25:13','2025-11-21 17:25:13');
INSERT INTO inspection_lines VALUES(16,9,'002009',2.0,2.0,0.0,NULL,NULL,NULL,NULL,NULL,'2025-11-21 17:25:13','2025-11-21 17:25:13');
INSERT INTO inspection_lines VALUES(17,9,'002012',2.0,2.0,0.0,NULL,NULL,NULL,NULL,NULL,'2025-11-21 17:25:13','2025-11-21 17:25:13');
INSERT INTO inspection_lines VALUES(18,9,'002015',2.0,2.0,0.0,NULL,NULL,NULL,NULL,NULL,'2025-11-21 17:25:13','2025-11-21 17:25:13');
INSERT INTO inspection_lines VALUES(19,9,'002019',2.0,2.0,0.0,NULL,NULL,NULL,NULL,NULL,'2025-11-21 17:25:13','2025-11-21 17:25:13');
INSERT INTO inspection_lines VALUES(20,9,'002029',2.0,2.0,0.0,NULL,NULL,NULL,NULL,NULL,'2025-11-21 17:25:13','2025-11-21 17:25:13');
INSERT INTO inspection_lines VALUES(21,9,'002075',2.0,2.0,0.0,NULL,NULL,NULL,NULL,NULL,'2025-11-21 17:25:13','2025-11-21 17:25:13');
INSERT INTO inspection_lines VALUES(22,9,'002340',2.0,2.0,0.0,NULL,NULL,NULL,NULL,NULL,'2025-11-21 17:25:13','2025-11-21 17:25:13');
INSERT INTO inspection_lines VALUES(23,9,'002341',2.0,2.0,0.0,NULL,NULL,NULL,NULL,NULL,'2025-11-21 17:25:13','2025-11-21 17:25:13');
INSERT INTO inspection_lines VALUES(24,9,'002356',2.0,2.0,0.0,NULL,NULL,NULL,NULL,NULL,'2025-11-21 17:25:13','2025-11-21 17:25:13');
INSERT INTO inspection_lines VALUES(25,9,'002365',2.0,2.0,0.0,NULL,NULL,NULL,NULL,NULL,'2025-11-21 17:25:13','2025-11-21 17:25:13');
INSERT INTO inspection_lines VALUES(26,9,'002397',2.0,2.0,0.0,NULL,NULL,NULL,NULL,NULL,'2025-11-21 17:25:13','2025-11-21 17:25:13');
INSERT INTO inspection_lines VALUES(27,9,'002455',2.0,2.0,0.0,NULL,NULL,NULL,NULL,NULL,'2025-11-21 17:25:13','2025-11-21 17:25:13');
INSERT INTO inspection_lines VALUES(28,9,'002460',2.0,2.0,0.0,NULL,NULL,NULL,NULL,NULL,'2025-11-21 17:25:13','2025-11-21 17:25:13');
INSERT INTO inspection_lines VALUES(29,9,'002501',2.0,2.0,0.0,NULL,NULL,NULL,NULL,NULL,'2025-11-21 17:25:13','2025-11-21 17:25:13');
INSERT INTO inspection_lines VALUES(30,9,'002590',2.0,2.0,0.0,NULL,NULL,NULL,NULL,NULL,'2025-11-21 17:25:13','2025-11-21 17:25:13');
INSERT INTO inspection_lines VALUES(31,9,'002625',2.0,2.0,0.0,NULL,NULL,NULL,NULL,NULL,'2025-11-21 17:25:13','2025-11-21 17:25:13');
INSERT INTO inspection_lines VALUES(32,9,'002654',2.0,2.0,0.0,NULL,NULL,NULL,NULL,NULL,'2025-11-21 17:25:13','2025-11-21 17:25:13');
INSERT INTO inspection_lines VALUES(33,9,'002677',2.0,2.0,0.0,NULL,NULL,NULL,NULL,NULL,'2025-11-21 17:25:13','2025-11-21 17:25:13');
INSERT INTO inspection_lines VALUES(34,9,'002703',2.0,2.0,0.0,NULL,NULL,NULL,NULL,NULL,'2025-11-21 17:25:13','2025-11-21 17:25:13');
INSERT INTO inspection_lines VALUES(35,9,'002711',2.0,2.0,0.0,NULL,NULL,NULL,NULL,NULL,'2025-11-21 17:25:13','2025-11-21 17:25:13');
INSERT INTO inspection_lines VALUES(36,9,'003045',2.0,2.0,0.0,NULL,NULL,NULL,NULL,NULL,'2025-11-21 17:25:13','2025-11-21 17:25:13');
INSERT INTO inspection_lines VALUES(37,9,'003050',2.0,2.0,0.0,NULL,NULL,NULL,NULL,NULL,'2025-11-21 17:25:13','2025-11-21 17:25:13');
INSERT INTO inspection_lines VALUES(38,9,'004044',2.0,2.0,0.0,NULL,NULL,NULL,NULL,NULL,'2025-11-21 17:25:13','2025-11-21 17:25:13');
INSERT INTO inspection_lines VALUES(39,9,'016035',2.0,2.0,0.0,NULL,NULL,NULL,NULL,NULL,'2025-11-21 17:25:13','2025-11-21 17:25:13');
INSERT INTO inspection_lines VALUES(40,9,'016048',2.0,2.0,0.0,NULL,NULL,NULL,NULL,NULL,'2025-11-21 17:25:13','2025-11-21 17:25:13');
INSERT INTO inspection_lines VALUES(41,9,'020018',2.0,2.0,0.0,NULL,NULL,NULL,NULL,NULL,'2025-11-21 17:25:13','2025-11-21 17:25:13');
INSERT INTO inspection_lines VALUES(42,9,'020084',2.0,2.0,0.0,NULL,NULL,NULL,NULL,NULL,'2025-11-21 17:25:13','2025-11-21 17:25:13');
INSERT INTO inspection_lines VALUES(43,9,'020090',2.0,2.0,0.0,NULL,NULL,NULL,NULL,NULL,'2025-11-21 17:25:13','2025-11-21 17:25:13');
INSERT INTO inspection_lines VALUES(44,9,'020187',2.0,2.0,0.0,NULL,NULL,NULL,NULL,NULL,'2025-11-21 17:25:13','2025-11-21 17:25:13');
INSERT INTO inspection_lines VALUES(45,9,'020207',2.0,2.0,0.0,NULL,NULL,NULL,NULL,NULL,'2025-11-21 17:25:13','2025-11-21 17:25:13');
INSERT INTO inspection_lines VALUES(46,9,'020301',2.0,2.0,0.0,NULL,NULL,NULL,NULL,NULL,'2025-11-21 17:25:13','2025-11-21 17:25:13');
INSERT INTO inspection_lines VALUES(47,9,'020302',2.0,2.0,0.0,NULL,NULL,NULL,NULL,NULL,'2025-11-21 17:25:13','2025-11-21 17:25:13');
INSERT INTO inspection_lines VALUES(48,9,'020332',2.0,2.0,0.0,NULL,NULL,NULL,NULL,NULL,'2025-11-21 17:25:13','2025-11-21 17:25:13');
INSERT INTO inspection_lines VALUES(49,9,'020345',2.0,2.0,0.0,NULL,NULL,NULL,NULL,NULL,'2025-11-21 17:25:13','2025-11-21 17:25:13');
INSERT INTO inspection_lines VALUES(50,9,'020355',2.0,2.0,0.0,NULL,NULL,NULL,NULL,NULL,'2025-11-21 17:25:13','2025-11-21 17:25:13');
INSERT INTO inspection_lines VALUES(51,9,'020382',2.0,2.0,0.0,NULL,NULL,NULL,NULL,NULL,'2025-11-21 17:25:13','2025-11-21 17:25:13');
INSERT INTO inspection_lines VALUES(52,10,'015001',1.0,1.0,0.0,NULL,NULL,NULL,NULL,NULL,'2025-11-21 17:25:13','2025-11-22 00:48:56');
INSERT INTO inspection_lines VALUES(53,10,'017005',1.0,0.0,-1.0,NULL,NULL,NULL,NULL,'納品なし','2025-11-21 17:25:13','2025-11-22 00:48:56');
INSERT INTO inspection_lines VALUES(54,11,'002007',1.0,1.0,0.0,NULL,NULL,NULL,NULL,NULL,'2025-11-21 17:25:13','2025-11-21 17:25:13');
INSERT INTO inspection_lines VALUES(55,11,'002009',1.0,1.0,0.0,NULL,NULL,NULL,NULL,NULL,'2025-11-21 17:25:13','2025-11-21 17:25:13');
INSERT INTO inspection_lines VALUES(56,12,'015001',10.0,10.0,0.0,'樽',NULL,'ambient',NULL,NULL,'2025-11-21 17:25:13','2025-11-21 17:25:13');
INSERT INTO inspection_lines VALUES(57,12,'016019',5.0,5.0,0.0,'樽',NULL,'ambient',NULL,NULL,'2025-11-21 17:25:13','2025-11-21 17:25:13');
INSERT INTO inspection_lines VALUES(58,13,'015001',2.0,2.0,0.0,NULL,NULL,NULL,NULL,NULL,'2025-11-21 17:25:13','2025-11-21 17:25:13');
INSERT INTO inspection_lines VALUES(59,13,'017005',1.0,1.0,0.0,NULL,NULL,NULL,NULL,NULL,'2025-11-21 17:25:13','2025-11-21 17:25:13');
INSERT INTO inspection_lines VALUES(60,14,'016019',1.0,1.0,0.0,NULL,NULL,NULL,NULL,NULL,'2025-11-21 17:25:13','2025-11-21 17:25:13');
INSERT INTO inspection_lines VALUES(61,15,'011004',1.0,1.0,0.0,NULL,NULL,NULL,NULL,NULL,'2025-11-21 17:25:13','2025-11-21 17:25:13');
INSERT INTO inspection_lines VALUES(62,16,'001018',1.0,1.0,0.0,NULL,NULL,NULL,NULL,NULL,'2025-11-21 17:25:13','2025-11-21 17:25:13');
INSERT INTO inspection_lines VALUES(63,16,'002007',1.0,1.0,0.0,NULL,NULL,NULL,NULL,NULL,'2025-11-21 17:25:13','2025-11-21 17:25:13');
INSERT INTO inspection_lines VALUES(64,16,'002009',1.0,1.0,0.0,NULL,NULL,NULL,NULL,NULL,'2025-11-21 17:25:13','2025-11-21 17:25:13');
INSERT INTO inspection_lines VALUES(65,16,'002012',1.0,1.0,0.0,NULL,NULL,NULL,NULL,NULL,'2025-11-21 17:25:13','2025-11-21 17:25:13');
INSERT INTO inspection_lines VALUES(66,16,'002015',1.0,1.0,0.0,NULL,NULL,NULL,NULL,NULL,'2025-11-21 17:25:13','2025-11-21 17:25:13');
INSERT INTO inspection_lines VALUES(67,16,'002019',1.0,1.0,0.0,NULL,NULL,NULL,NULL,NULL,'2025-11-21 17:25:13','2025-11-21 17:25:13');
INSERT INTO inspection_lines VALUES(68,16,'002029',1.0,1.0,0.0,NULL,NULL,NULL,NULL,NULL,'2025-11-21 17:25:13','2025-11-21 17:25:13');
INSERT INTO inspection_lines VALUES(69,16,'002075',1.0,1.0,0.0,NULL,NULL,NULL,NULL,NULL,'2025-11-21 17:25:13','2025-11-21 17:25:13');
INSERT INTO inspection_lines VALUES(70,16,'002340',1.0,1.0,0.0,NULL,NULL,NULL,NULL,NULL,'2025-11-21 17:25:13','2025-11-21 17:25:13');
INSERT INTO inspection_lines VALUES(71,16,'002341',1.0,1.0,0.0,NULL,NULL,NULL,NULL,NULL,'2025-11-21 17:25:13','2025-11-21 17:25:13');
INSERT INTO inspection_lines VALUES(72,16,'002356',1.0,1.0,0.0,NULL,NULL,NULL,NULL,NULL,'2025-11-21 17:25:13','2025-11-21 17:25:13');
INSERT INTO inspection_lines VALUES(73,16,'002365',1.0,1.0,0.0,NULL,NULL,NULL,NULL,NULL,'2025-11-21 17:25:13','2025-11-21 17:25:13');
INSERT INTO inspection_lines VALUES(74,16,'002397',1.0,1.0,0.0,NULL,NULL,NULL,NULL,NULL,'2025-11-21 17:25:13','2025-11-21 17:25:13');
INSERT INTO inspection_lines VALUES(75,16,'002455',1.0,1.0,0.0,NULL,NULL,NULL,NULL,NULL,'2025-11-21 17:25:13','2025-11-21 17:25:13');
INSERT INTO inspection_lines VALUES(76,16,'002460',1.0,1.0,0.0,NULL,NULL,NULL,NULL,NULL,'2025-11-21 17:25:13','2025-11-21 17:25:13');
INSERT INTO inspection_lines VALUES(77,16,'002501',1.0,1.0,0.0,NULL,NULL,NULL,NULL,NULL,'2025-11-21 17:25:13','2025-11-21 17:25:13');
INSERT INTO inspection_lines VALUES(78,16,'002590',1.0,1.0,0.0,NULL,NULL,NULL,NULL,NULL,'2025-11-21 17:25:13','2025-11-21 17:25:13');
INSERT INTO inspection_lines VALUES(79,16,'002625',1.0,1.0,0.0,NULL,NULL,NULL,NULL,NULL,'2025-11-21 17:25:13','2025-11-21 17:25:13');
INSERT INTO inspection_lines VALUES(80,16,'002654',1.0,1.0,0.0,NULL,NULL,NULL,NULL,NULL,'2025-11-21 17:25:13','2025-11-21 17:25:13');
INSERT INTO inspection_lines VALUES(81,16,'002677',1.0,1.0,0.0,NULL,NULL,NULL,NULL,NULL,'2025-11-21 17:25:13','2025-11-21 17:25:13');
INSERT INTO inspection_lines VALUES(82,16,'002703',1.0,1.0,0.0,NULL,NULL,NULL,NULL,NULL,'2025-11-21 17:25:13','2025-11-21 17:25:13');
INSERT INTO inspection_lines VALUES(83,16,'002711',1.0,1.0,0.0,NULL,NULL,NULL,NULL,NULL,'2025-11-21 17:25:13','2025-11-21 17:25:13');
INSERT INTO inspection_lines VALUES(84,16,'003045',1.0,1.0,0.0,NULL,NULL,NULL,NULL,NULL,'2025-11-21 17:25:13','2025-11-21 17:25:13');
INSERT INTO inspection_lines VALUES(85,16,'003050',1.0,1.0,0.0,NULL,NULL,NULL,NULL,NULL,'2025-11-21 17:25:13','2025-11-21 17:25:13');
INSERT INTO inspection_lines VALUES(86,16,'004044',1.0,1.0,0.0,NULL,NULL,NULL,NULL,NULL,'2025-11-21 17:25:13','2025-11-21 17:25:13');
INSERT INTO inspection_lines VALUES(87,16,'016035',1.0,1.0,0.0,NULL,NULL,NULL,NULL,NULL,'2025-11-21 17:25:13','2025-11-21 17:25:13');
INSERT INTO inspection_lines VALUES(88,16,'016048',1.0,1.0,0.0,NULL,NULL,NULL,NULL,NULL,'2025-11-21 17:25:13','2025-11-21 17:25:13');
INSERT INTO inspection_lines VALUES(89,16,'020018',1.0,1.0,0.0,NULL,NULL,NULL,NULL,NULL,'2025-11-21 17:25:13','2025-11-21 17:25:13');
INSERT INTO inspection_lines VALUES(90,16,'020084',1.0,1.0,0.0,NULL,NULL,NULL,NULL,NULL,'2025-11-21 17:25:13','2025-11-21 17:25:13');
INSERT INTO inspection_lines VALUES(91,16,'020090',1.0,1.0,0.0,NULL,NULL,NULL,NULL,NULL,'2025-11-21 17:25:13','2025-11-21 17:25:13');
INSERT INTO inspection_lines VALUES(92,16,'020187',1.0,1.0,0.0,NULL,NULL,NULL,NULL,NULL,'2025-11-21 17:25:13','2025-11-21 17:25:13');
INSERT INTO inspection_lines VALUES(93,16,'020207',1.0,1.0,0.0,NULL,NULL,NULL,NULL,NULL,'2025-11-21 17:25:13','2025-11-21 17:25:13');
INSERT INTO inspection_lines VALUES(94,16,'020301',1.0,1.0,0.0,NULL,NULL,NULL,NULL,NULL,'2025-11-21 17:25:13','2025-11-21 17:25:13');
INSERT INTO inspection_lines VALUES(95,16,'020302',1.0,1.0,0.0,NULL,NULL,NULL,NULL,NULL,'2025-11-21 17:25:13','2025-11-21 17:25:13');
INSERT INTO inspection_lines VALUES(96,16,'020332',1.0,1.0,0.0,NULL,NULL,NULL,NULL,NULL,'2025-11-21 17:25:13','2025-11-21 17:25:13');
INSERT INTO inspection_lines VALUES(97,16,'020345',1.0,1.0,0.0,NULL,NULL,NULL,NULL,NULL,'2025-11-21 17:25:13','2025-11-21 17:25:13');
INSERT INTO inspection_lines VALUES(98,16,'020355',1.0,1.0,0.0,NULL,NULL,NULL,NULL,NULL,'2025-11-21 17:25:13','2025-11-21 17:25:13');
INSERT INTO inspection_lines VALUES(99,16,'020382',1.0,1.0,0.0,NULL,NULL,NULL,NULL,NULL,'2025-11-21 17:25:13','2025-11-21 17:25:13');
INSERT INTO inspection_lines VALUES(100,17,'015001',4.0,4.0,0.0,NULL,NULL,NULL,NULL,NULL,'2025-11-21 17:25:13','2025-11-21 17:25:13');
INSERT INTO inspection_lines VALUES(101,17,'017005',5.0,5.0,0.0,NULL,NULL,NULL,NULL,NULL,'2025-11-21 17:25:13','2025-11-21 17:25:13');
INSERT INTO inspection_lines VALUES(102,18,'001018',2.0,2.0,0.0,'','',NULL,'','','2025-11-21 17:25:13','2025-11-21 17:25:13');
INSERT INTO inspection_lines VALUES(103,18,'002007',1.0,1.0,0.0,'','',NULL,'','','2025-11-21 17:25:13','2025-11-21 17:25:13');
INSERT INTO inspection_lines VALUES(104,18,'002009',2.0,2.0,0.0,'','',NULL,'','','2025-11-21 17:25:13','2025-11-21 17:25:13');
INSERT INTO inspection_lines VALUES(105,18,'002012',2.0,2.0,0.0,'','',NULL,'','','2025-11-21 17:25:13','2025-11-21 17:25:13');
INSERT INTO inspection_lines VALUES(106,18,'002015',2.0,2.0,0.0,'','',NULL,'','','2025-11-21 17:25:13','2025-11-21 17:25:13');
INSERT INTO inspection_lines VALUES(107,18,'002019',1.0,1.0,0.0,'','',NULL,'','','2025-11-21 17:25:13','2025-11-21 17:25:13');
INSERT INTO inspection_lines VALUES(108,19,'001001',5.0,5.0,0.0,NULL,NULL,NULL,NULL,NULL,'2025-11-21 17:25:13','2025-11-21 17:25:13');
INSERT INTO inspection_lines VALUES(109,20,'015001',1.0,1.0,0.0,NULL,NULL,NULL,NULL,NULL,'2025-11-21 17:25:13','2025-11-21 17:25:13');
INSERT INTO inspection_lines VALUES(110,20,'017005',4.0,4.0,0.0,NULL,NULL,NULL,NULL,NULL,'2025-11-21 17:25:13','2025-11-21 17:25:13');
INSERT INTO inspection_lines VALUES(111,21,'016019',3.0,3.0,0.0,NULL,NULL,NULL,NULL,NULL,'2025-11-21 17:25:13','2025-11-26 18:24:34');
INSERT INTO inspection_lines VALUES(112,22,'011004',8.0,8.0,0.0,NULL,NULL,NULL,NULL,NULL,'2025-11-21 17:25:13','2025-11-21 17:25:13');
INSERT INTO inspection_lines VALUES(113,23,'002007',1.0,1.0,0.0,NULL,NULL,NULL,NULL,NULL,'2025-11-21 17:25:13','2025-11-21 17:25:13');
INSERT INTO inspection_lines VALUES(114,23,'002009',1.0,1.0,0.0,NULL,NULL,NULL,NULL,NULL,'2025-11-21 17:25:13','2025-11-21 17:25:13');
INSERT INTO inspection_lines VALUES(115,23,'002012',1.0,1.0,0.0,NULL,NULL,NULL,NULL,NULL,'2025-11-21 17:25:13','2025-11-21 17:25:13');
INSERT INTO inspection_lines VALUES(116,23,'002015',2.0,2.0,0.0,NULL,NULL,NULL,NULL,NULL,'2025-11-21 17:25:13','2025-11-21 17:25:13');
INSERT INTO inspection_lines VALUES(117,23,'002029',3.0,3.0,0.0,NULL,NULL,NULL,NULL,NULL,'2025-11-21 17:25:13','2025-11-21 17:25:13');
INSERT INTO inspection_lines VALUES(118,23,'002340',2.0,2.0,0.0,NULL,NULL,NULL,NULL,NULL,'2025-11-21 17:25:13','2025-11-21 17:25:13');
INSERT INTO inspection_lines VALUES(119,23,'002397',4.0,4.0,0.0,NULL,NULL,NULL,NULL,NULL,'2025-11-21 17:25:13','2025-11-21 17:25:13');
INSERT INTO inspection_lines VALUES(120,23,'002501',6.0,6.0,0.0,NULL,NULL,NULL,NULL,NULL,'2025-11-21 17:25:13','2025-11-21 17:25:13');
INSERT INTO inspection_lines VALUES(121,23,'002625',8.0,8.0,0.0,NULL,NULL,NULL,NULL,NULL,'2025-11-21 17:25:13','2025-11-21 17:25:13');
INSERT INTO inspection_lines VALUES(122,23,'002677',5.0,5.0,0.0,NULL,NULL,NULL,NULL,NULL,'2025-11-21 17:25:13','2025-11-21 17:25:13');
INSERT INTO inspection_lines VALUES(123,23,'003050',2.0,2.0,0.0,NULL,NULL,NULL,NULL,NULL,'2025-11-21 17:25:13','2025-11-21 17:25:13');
INSERT INTO inspection_lines VALUES(124,23,'016035',5.0,5.0,0.0,NULL,NULL,NULL,NULL,NULL,'2025-11-21 17:25:13','2025-11-21 17:25:13');
INSERT INTO inspection_lines VALUES(125,23,'020018',1.0,1.0,0.0,NULL,NULL,NULL,NULL,NULL,'2025-11-21 17:25:13','2025-11-21 17:25:13');
INSERT INTO inspection_lines VALUES(126,23,'020187',1.0,1.0,0.0,NULL,NULL,NULL,NULL,NULL,'2025-11-21 17:25:13','2025-11-21 17:25:13');
INSERT INTO inspection_lines VALUES(127,23,'020302',1.0,1.0,0.0,NULL,NULL,NULL,NULL,NULL,'2025-11-21 17:25:13','2025-11-21 17:25:13');
INSERT INTO inspection_lines VALUES(128,23,'020332',1.0,1.0,0.0,NULL,NULL,NULL,NULL,NULL,'2025-11-21 17:25:13','2025-11-21 17:25:13');
INSERT INTO inspection_lines VALUES(129,23,'020345',1.0,1.0,0.0,NULL,NULL,NULL,NULL,NULL,'2025-11-21 17:25:13','2025-11-21 17:25:13');
INSERT INTO inspection_lines VALUES(130,23,'020355',1.0,1.0,0.0,NULL,NULL,NULL,NULL,NULL,'2025-11-21 17:25:13','2025-11-21 17:25:13');
INSERT INTO inspection_lines VALUES(131,23,'020382',4.0,4.0,0.0,NULL,NULL,NULL,NULL,NULL,'2025-11-21 17:25:13','2025-11-21 17:25:13');
INSERT INTO inspection_lines VALUES(132,24,'001001',5.0,4.0,-1.0,NULL,NULL,NULL,NULL,'納品なし','2025-11-21 17:25:13','2025-11-22 00:51:29');
INSERT INTO inspection_lines VALUES(133,25,'015001',1.0,1.0,0.0,NULL,NULL,NULL,NULL,NULL,'2025-11-21 17:25:13','2025-11-22 08:16:48');
INSERT INTO inspection_lines VALUES(134,25,'017005',1.0,0.0,-1.0,NULL,NULL,NULL,NULL,NULL,'2025-11-21 17:25:13','2025-11-22 08:16:48');
INSERT INTO inspection_lines VALUES(135,26,'016019',1.0,1.0,0.0,NULL,NULL,NULL,NULL,NULL,'2025-11-21 17:25:13','2025-11-21 17:25:13');
INSERT INTO inspection_lines VALUES(136,27,'001018',1.0,1.0,0.0,NULL,NULL,NULL,NULL,NULL,'2025-11-21 17:25:13','2025-11-21 17:25:13');
INSERT INTO inspection_lines VALUES(137,27,'002007',1.0,1.0,0.0,NULL,NULL,NULL,NULL,NULL,'2025-11-21 17:25:13','2025-11-21 17:25:13');
INSERT INTO inspection_lines VALUES(138,27,'002009',1.0,1.0,0.0,NULL,NULL,NULL,NULL,NULL,'2025-11-21 17:25:13','2025-11-21 17:25:13');
INSERT INTO inspection_lines VALUES(139,27,'002012',1.0,1.0,0.0,NULL,NULL,NULL,NULL,NULL,'2025-11-21 17:25:13','2025-11-21 17:25:13');
INSERT INTO inspection_lines VALUES(140,27,'002015',1.0,1.0,0.0,NULL,NULL,NULL,NULL,NULL,'2025-11-21 17:25:13','2025-11-21 17:25:13');
INSERT INTO inspection_lines VALUES(141,27,'002019',1.0,1.0,0.0,NULL,NULL,NULL,NULL,NULL,'2025-11-21 17:25:13','2025-11-21 17:25:13');
INSERT INTO inspection_lines VALUES(142,27,'002029',1.0,1.0,0.0,NULL,NULL,NULL,NULL,NULL,'2025-11-21 17:25:13','2025-11-21 17:25:13');
INSERT INTO inspection_lines VALUES(143,27,'002075',1.0,1.0,0.0,NULL,NULL,NULL,NULL,NULL,'2025-11-21 17:25:13','2025-11-21 17:25:13');
INSERT INTO inspection_lines VALUES(144,27,'002340',1.0,1.0,0.0,NULL,NULL,NULL,NULL,NULL,'2025-11-21 17:25:13','2025-11-21 17:25:13');
INSERT INTO inspection_lines VALUES(145,27,'002341',1.0,1.0,0.0,NULL,NULL,NULL,NULL,NULL,'2025-11-21 17:25:13','2025-11-21 17:25:13');
INSERT INTO inspection_lines VALUES(146,27,'002356',1.0,1.0,0.0,NULL,NULL,NULL,NULL,NULL,'2025-11-21 17:25:13','2025-11-21 17:25:13');
INSERT INTO inspection_lines VALUES(147,27,'002365',1.0,1.0,0.0,NULL,NULL,NULL,NULL,NULL,'2025-11-21 17:25:13','2025-11-21 17:25:13');
INSERT INTO inspection_lines VALUES(148,27,'002397',1.0,1.0,0.0,NULL,NULL,NULL,NULL,NULL,'2025-11-21 17:25:13','2025-11-21 17:25:13');
INSERT INTO inspection_lines VALUES(149,27,'002455',1.0,1.0,0.0,NULL,NULL,NULL,NULL,NULL,'2025-11-21 17:25:13','2025-11-21 17:25:13');
INSERT INTO inspection_lines VALUES(150,27,'002460',1.0,1.0,0.0,NULL,NULL,NULL,NULL,NULL,'2025-11-21 17:25:13','2025-11-21 17:25:13');
INSERT INTO inspection_lines VALUES(151,27,'002501',1.0,1.0,0.0,NULL,NULL,NULL,NULL,NULL,'2025-11-21 17:25:13','2025-11-21 17:25:13');
INSERT INTO inspection_lines VALUES(152,27,'002590',1.0,1.0,0.0,NULL,NULL,NULL,NULL,NULL,'2025-11-21 17:25:13','2025-11-21 17:25:13');
INSERT INTO inspection_lines VALUES(153,27,'002625',1.0,1.0,0.0,NULL,NULL,NULL,NULL,NULL,'2025-11-21 17:25:13','2025-11-21 17:25:13');
INSERT INTO inspection_lines VALUES(154,27,'002654',1.0,1.0,0.0,NULL,NULL,NULL,NULL,NULL,'2025-11-21 17:25:13','2025-11-21 17:25:13');
INSERT INTO inspection_lines VALUES(155,27,'002677',1.0,1.0,0.0,NULL,NULL,NULL,NULL,NULL,'2025-11-21 17:25:13','2025-11-21 17:25:13');
INSERT INTO inspection_lines VALUES(156,27,'002703',1.0,1.0,0.0,NULL,NULL,NULL,NULL,NULL,'2025-11-21 17:25:13','2025-11-21 17:25:13');
INSERT INTO inspection_lines VALUES(157,27,'002711',1.0,1.0,0.0,NULL,NULL,NULL,NULL,NULL,'2025-11-21 17:25:13','2025-11-21 17:25:13');
INSERT INTO inspection_lines VALUES(158,27,'003045',1.0,1.0,0.0,NULL,NULL,NULL,NULL,NULL,'2025-11-21 17:25:13','2025-11-21 17:25:13');
INSERT INTO inspection_lines VALUES(159,27,'003050',1.0,1.0,0.0,NULL,NULL,NULL,NULL,NULL,'2025-11-21 17:25:13','2025-11-21 17:25:13');
INSERT INTO inspection_lines VALUES(160,27,'004044',1.0,1.0,0.0,NULL,NULL,NULL,NULL,NULL,'2025-11-21 17:25:13','2025-11-21 17:25:13');
INSERT INTO inspection_lines VALUES(161,27,'016035',1.0,1.0,0.0,NULL,NULL,NULL,NULL,NULL,'2025-11-21 17:25:13','2025-11-21 17:25:13');
INSERT INTO inspection_lines VALUES(162,27,'016048',1.0,1.0,0.0,NULL,NULL,NULL,NULL,NULL,'2025-11-21 17:25:13','2025-11-21 17:25:13');
INSERT INTO inspection_lines VALUES(163,27,'020018',1.0,1.0,0.0,NULL,NULL,NULL,NULL,NULL,'2025-11-21 17:25:13','2025-11-21 17:25:13');
INSERT INTO inspection_lines VALUES(164,27,'020084',1.0,1.0,0.0,NULL,NULL,NULL,NULL,NULL,'2025-11-21 17:25:13','2025-11-21 17:25:13');
INSERT INTO inspection_lines VALUES(165,27,'020090',1.0,1.0,0.0,NULL,NULL,NULL,NULL,NULL,'2025-11-21 17:25:13','2025-11-21 17:25:13');
INSERT INTO inspection_lines VALUES(166,27,'020187',1.0,1.0,0.0,NULL,NULL,NULL,NULL,NULL,'2025-11-21 17:25:13','2025-11-21 17:25:13');
INSERT INTO inspection_lines VALUES(167,27,'020207',1.0,1.0,0.0,NULL,NULL,NULL,NULL,NULL,'2025-11-21 17:25:13','2025-11-21 17:25:13');
INSERT INTO inspection_lines VALUES(168,27,'020301',1.0,1.0,0.0,NULL,NULL,NULL,NULL,NULL,'2025-11-21 17:25:13','2025-11-21 17:25:13');
INSERT INTO inspection_lines VALUES(169,27,'020302',1.0,1.0,0.0,NULL,NULL,NULL,NULL,NULL,'2025-11-21 17:25:13','2025-11-21 17:25:13');
INSERT INTO inspection_lines VALUES(170,27,'020332',1.0,1.0,0.0,NULL,NULL,NULL,NULL,NULL,'2025-11-21 17:25:13','2025-11-21 17:25:13');
INSERT INTO inspection_lines VALUES(171,27,'020345',1.0,1.0,0.0,NULL,NULL,NULL,NULL,NULL,'2025-11-21 17:25:13','2025-11-21 17:25:13');
INSERT INTO inspection_lines VALUES(172,27,'020355',1.0,1.0,0.0,NULL,NULL,NULL,NULL,NULL,'2025-11-21 17:25:13','2025-11-21 17:25:13');
INSERT INTO inspection_lines VALUES(173,27,'020382',1.0,1.0,0.0,NULL,NULL,NULL,NULL,NULL,'2025-11-21 17:25:13','2025-11-21 17:25:13');
INSERT INTO inspection_lines VALUES(174,28,'011004',1.0,1.0,0.0,NULL,NULL,NULL,NULL,NULL,'2025-11-21 17:25:13','2025-11-21 17:25:13');
INSERT INTO inspection_lines VALUES(175,29,'001018',1.0,1.0,0.0,NULL,NULL,NULL,NULL,NULL,'2025-11-21 17:25:13','2025-11-21 17:25:13');
INSERT INTO inspection_lines VALUES(176,29,'002007',1.0,1.0,0.0,NULL,NULL,NULL,NULL,NULL,'2025-11-21 17:25:13','2025-11-21 17:25:13');
INSERT INTO inspection_lines VALUES(177,30,'001018',1.0,1.0,0.0,NULL,NULL,NULL,NULL,NULL,'2025-11-21 17:25:13','2025-11-21 17:25:13');
INSERT INTO inspection_lines VALUES(178,31,'016019',1.0,1.0,0.0,'樽',NULL,'ambient','0000001',NULL,'2025-11-21 17:25:13','2025-11-21 17:25:13');
INSERT INTO inspection_lines VALUES(179,32,'011004',3.0,3.0,0.0,NULL,NULL,NULL,NULL,NULL,'2025-11-21 17:25:13','2025-11-21 17:25:13');
INSERT INTO inspection_lines VALUES(180,33,'001018',1.0,1.0,0.0,NULL,NULL,NULL,NULL,NULL,'2025-11-21 17:25:13','2025-11-21 17:25:13');
INSERT INTO inspection_lines VALUES(181,33,'002007',1.0,1.0,0.0,NULL,NULL,NULL,NULL,NULL,'2025-11-21 17:25:13','2025-11-21 17:25:13');
INSERT INTO inspection_lines VALUES(182,33,'002009',1.0,1.0,0.0,NULL,NULL,NULL,NULL,NULL,'2025-11-21 17:25:13','2025-11-21 17:25:13');
INSERT INTO inspection_lines VALUES(183,33,'002012',1.0,1.0,0.0,NULL,NULL,NULL,NULL,NULL,'2025-11-21 17:25:13','2025-11-21 17:25:13');
INSERT INTO inspection_lines VALUES(184,33,'002015',1.0,1.0,0.0,NULL,NULL,NULL,NULL,NULL,'2025-11-21 17:25:13','2025-11-21 17:25:13');
INSERT INTO inspection_lines VALUES(185,33,'002019',1.0,1.0,0.0,NULL,NULL,NULL,NULL,NULL,'2025-11-21 17:25:13','2025-11-21 17:25:13');
INSERT INTO inspection_lines VALUES(186,33,'002029',1.0,1.0,0.0,NULL,NULL,NULL,NULL,NULL,'2025-11-21 17:25:13','2025-11-21 17:25:13');
INSERT INTO inspection_lines VALUES(187,33,'002075',1.0,1.0,0.0,NULL,NULL,NULL,NULL,NULL,'2025-11-21 17:25:13','2025-11-21 17:25:13');
INSERT INTO inspection_lines VALUES(188,33,'002340',1.0,1.0,0.0,NULL,NULL,NULL,NULL,NULL,'2025-11-21 17:25:13','2025-11-21 17:25:13');
INSERT INTO inspection_lines VALUES(189,33,'002341',1.0,1.0,0.0,NULL,NULL,NULL,NULL,NULL,'2025-11-21 17:25:13','2025-11-21 17:25:13');
INSERT INTO inspection_lines VALUES(190,33,'002356',1.0,1.0,0.0,NULL,NULL,NULL,NULL,NULL,'2025-11-21 17:25:13','2025-11-21 17:25:13');
INSERT INTO inspection_lines VALUES(191,33,'002365',1.0,1.0,0.0,NULL,NULL,NULL,NULL,NULL,'2025-11-21 17:25:13','2025-11-21 17:25:13');
INSERT INTO inspection_lines VALUES(192,33,'002397',1.0,1.0,0.0,NULL,NULL,NULL,NULL,NULL,'2025-11-21 17:25:13','2025-11-21 17:25:13');
INSERT INTO inspection_lines VALUES(193,33,'002455',1.0,1.0,0.0,NULL,NULL,NULL,NULL,NULL,'2025-11-21 17:25:13','2025-11-21 17:25:13');
INSERT INTO inspection_lines VALUES(194,33,'002460',1.0,1.0,0.0,NULL,NULL,NULL,NULL,NULL,'2025-11-21 17:25:13','2025-11-21 17:25:13');
INSERT INTO inspection_lines VALUES(195,33,'002501',1.0,1.0,0.0,NULL,NULL,NULL,NULL,NULL,'2025-11-21 17:25:13','2025-11-21 17:25:13');
INSERT INTO inspection_lines VALUES(196,33,'002590',1.0,1.0,0.0,NULL,NULL,NULL,NULL,NULL,'2025-11-21 17:25:13','2025-11-21 17:25:13');
INSERT INTO inspection_lines VALUES(197,33,'002625',1.0,1.0,0.0,NULL,NULL,NULL,NULL,NULL,'2025-11-21 17:25:13','2025-11-21 17:25:13');
INSERT INTO inspection_lines VALUES(198,33,'002654',1.0,1.0,0.0,NULL,NULL,NULL,NULL,NULL,'2025-11-21 17:25:13','2025-11-21 17:25:13');
INSERT INTO inspection_lines VALUES(199,33,'002677',1.0,1.0,0.0,NULL,NULL,NULL,NULL,NULL,'2025-11-21 17:25:13','2025-11-21 17:25:13');
INSERT INTO inspection_lines VALUES(200,33,'002703',1.0,1.0,0.0,NULL,NULL,NULL,NULL,NULL,'2025-11-21 17:25:13','2025-11-21 17:25:13');
INSERT INTO inspection_lines VALUES(201,33,'002711',1.0,1.0,0.0,NULL,NULL,NULL,NULL,NULL,'2025-11-21 17:25:13','2025-11-21 17:25:13');
INSERT INTO inspection_lines VALUES(202,33,'003045',1.0,1.0,0.0,NULL,NULL,NULL,NULL,NULL,'2025-11-21 17:25:13','2025-11-21 17:25:13');
INSERT INTO inspection_lines VALUES(203,33,'003050',1.0,1.0,0.0,NULL,NULL,NULL,NULL,NULL,'2025-11-21 17:25:13','2025-11-21 17:25:13');
INSERT INTO inspection_lines VALUES(204,33,'004044',1.0,1.0,0.0,NULL,NULL,NULL,NULL,NULL,'2025-11-21 17:25:13','2025-11-21 17:25:13');
INSERT INTO inspection_lines VALUES(205,33,'016035',1.0,1.0,0.0,NULL,NULL,NULL,NULL,NULL,'2025-11-21 17:25:13','2025-11-21 17:25:13');
INSERT INTO inspection_lines VALUES(206,33,'016048',1.0,1.0,0.0,NULL,NULL,NULL,NULL,NULL,'2025-11-21 17:25:13','2025-11-21 17:25:13');
INSERT INTO inspection_lines VALUES(207,33,'020018',1.0,1.0,0.0,NULL,NULL,NULL,NULL,NULL,'2025-11-21 17:25:13','2025-11-21 17:25:13');
INSERT INTO inspection_lines VALUES(208,33,'020084',1.0,1.0,0.0,NULL,NULL,NULL,NULL,NULL,'2025-11-21 17:25:13','2025-11-21 17:25:13');
INSERT INTO inspection_lines VALUES(209,33,'020090',1.0,1.0,0.0,NULL,NULL,NULL,NULL,NULL,'2025-11-21 17:25:13','2025-11-21 17:25:13');
INSERT INTO inspection_lines VALUES(210,33,'020187',1.0,1.0,0.0,NULL,NULL,NULL,NULL,NULL,'2025-11-21 17:25:13','2025-11-21 17:25:13');
INSERT INTO inspection_lines VALUES(211,33,'020207',1.0,1.0,0.0,NULL,NULL,NULL,NULL,NULL,'2025-11-21 17:25:13','2025-11-21 17:25:13');
INSERT INTO inspection_lines VALUES(212,33,'020301',1.0,1.0,0.0,NULL,NULL,NULL,NULL,NULL,'2025-11-21 17:25:13','2025-11-21 17:25:13');
INSERT INTO inspection_lines VALUES(213,33,'020302',1.0,1.0,0.0,NULL,NULL,NULL,NULL,NULL,'2025-11-21 17:25:13','2025-11-21 17:25:13');
INSERT INTO inspection_lines VALUES(214,33,'020332',1.0,1.0,0.0,NULL,NULL,NULL,NULL,NULL,'2025-11-21 17:25:13','2025-11-21 17:25:13');
INSERT INTO inspection_lines VALUES(215,33,'020345',1.0,1.0,0.0,NULL,NULL,NULL,NULL,NULL,'2025-11-21 17:25:13','2025-11-21 17:25:13');
INSERT INTO inspection_lines VALUES(216,33,'020355',1.0,1.0,0.0,NULL,NULL,NULL,NULL,NULL,'2025-11-21 17:25:13','2025-11-21 17:25:13');
INSERT INTO inspection_lines VALUES(217,33,'020382',1.0,1.0,0.0,NULL,NULL,NULL,NULL,NULL,'2025-11-21 17:25:13','2025-11-21 17:25:13');
INSERT INTO inspection_lines VALUES(218,34,'001018',1.0,1.0,0.0,NULL,NULL,NULL,NULL,NULL,'2025-11-21 17:25:13','2025-11-21 17:25:13');
INSERT INTO inspection_lines VALUES(219,34,'020207',1.0,1.0,0.0,NULL,NULL,NULL,NULL,NULL,'2025-11-21 17:25:13','2025-11-21 17:25:13');
INSERT INTO inspection_lines VALUES(220,34,'020302',1.0,1.0,0.0,NULL,NULL,NULL,NULL,NULL,'2025-11-21 17:25:13','2025-11-21 17:25:13');
INSERT INTO inspection_lines VALUES(221,34,'020332',2.0,2.0,0.0,NULL,NULL,NULL,NULL,NULL,'2025-11-21 17:25:13','2025-11-21 17:25:13');
INSERT INTO inspection_lines VALUES(222,34,'020345',3.0,3.0,0.0,NULL,NULL,NULL,NULL,NULL,'2025-11-21 17:25:13','2025-11-21 17:25:13');
INSERT INTO inspection_lines VALUES(223,34,'020355',4.0,4.0,0.0,NULL,NULL,NULL,NULL,NULL,'2025-11-21 17:25:13','2025-11-21 17:25:13');
INSERT INTO inspection_lines VALUES(224,34,'020382',5.0,5.0,0.0,NULL,NULL,NULL,NULL,NULL,'2025-11-21 17:25:13','2025-11-21 17:25:13');
INSERT INTO inspection_lines VALUES(225,35,'001001',5.0,5.0,0.0,NULL,NULL,NULL,NULL,NULL,'2025-11-21 17:25:13','2025-11-21 17:25:13');
INSERT INTO inspection_lines VALUES(226,36,'011004',5.0,5.0,0.0,NULL,NULL,NULL,NULL,NULL,'2025-11-21 17:25:13','2025-11-21 17:25:13');
INSERT INTO inspection_lines VALUES(227,37,'002007',1.0,1.0,0.0,'kg','','frozen','','','2025-11-21 17:25:13','2025-11-21 17:25:13');
INSERT INTO inspection_lines VALUES(228,37,'002009',1.0,1.0,0.0,'kg','沖縄10kg単位','frozen','','','2025-11-21 17:25:13','2025-11-21 17:25:13');
INSERT INTO inspection_lines VALUES(229,37,'002012',1.0,1.0,0.0,'P','沖縄500ｇ/P×20','frozen','','','2025-11-21 17:25:13','2025-11-21 17:25:13');
INSERT INTO inspection_lines VALUES(230,37,'002341',2.0,2.0,0.0,'','',NULL,'','','2025-11-21 17:25:13','2025-11-21 17:25:13');
INSERT INTO inspection_lines VALUES(231,37,'002365',2.0,2.0,0.0,'','',NULL,'','','2025-11-21 17:25:13','2025-11-21 17:25:13');
INSERT INTO inspection_lines VALUES(232,37,'002455',2.0,2.0,0.0,'','',NULL,'','','2025-11-21 17:25:13','2025-11-21 17:25:13');
INSERT INTO inspection_lines VALUES(233,37,'002590',2.0,2.0,0.0,'','',NULL,'','','2025-11-21 17:25:13','2025-11-21 17:25:13');
INSERT INTO inspection_lines VALUES(234,37,'002654',3.0,3.0,0.0,'','',NULL,'','','2025-11-21 17:25:13','2025-11-21 17:25:13');
INSERT INTO inspection_lines VALUES(235,37,'020207',5.0,5.0,0.0,'','',NULL,'','','2025-11-21 17:25:13','2025-11-21 17:25:13');
INSERT INTO inspection_lines VALUES(236,37,'020355',2.0,2.0,0.0,'','',NULL,'','','2025-11-21 17:25:13','2025-11-21 17:25:13');
INSERT INTO inspection_lines VALUES(237,38,'015001',1.0,1.0,0.0,NULL,NULL,NULL,NULL,NULL,'2025-11-21 17:25:13','2025-11-21 17:25:13');
INSERT INTO inspection_lines VALUES(238,38,'017005',1.0,1.0,0.0,NULL,NULL,NULL,NULL,NULL,'2025-11-21 17:25:13','2025-11-21 17:25:13');
INSERT INTO inspection_lines VALUES(239,39,'001001',1.0,1.0,0.0,NULL,NULL,NULL,NULL,NULL,'2025-11-21 17:25:13','2025-11-21 17:25:13');
INSERT INTO inspection_lines VALUES(240,40,'001018',1.0,1.0,0.0,NULL,NULL,NULL,NULL,NULL,'2025-11-21 17:25:13','2025-11-21 17:25:13');
INSERT INTO inspection_lines VALUES(241,40,'002007',1.0,1.0,0.0,NULL,NULL,NULL,NULL,NULL,'2025-11-21 17:25:13','2025-11-21 17:25:13');
INSERT INTO inspection_lines VALUES(242,40,'002009',1.0,1.0,0.0,NULL,NULL,NULL,NULL,NULL,'2025-11-21 17:25:13','2025-11-21 17:25:13');
INSERT INTO inspection_lines VALUES(243,40,'002012',1.0,1.0,0.0,NULL,NULL,NULL,NULL,NULL,'2025-11-21 17:25:13','2025-11-21 17:25:13');
INSERT INTO inspection_lines VALUES(244,40,'002015',1.0,1.0,0.0,NULL,NULL,NULL,NULL,NULL,'2025-11-21 17:25:13','2025-11-21 17:25:13');
INSERT INTO inspection_lines VALUES(245,40,'002019',1.0,1.0,0.0,NULL,NULL,NULL,NULL,NULL,'2025-11-21 17:25:13','2025-11-21 17:25:13');
INSERT INTO inspection_lines VALUES(246,40,'002029',1.0,1.0,0.0,NULL,NULL,NULL,NULL,NULL,'2025-11-21 17:25:13','2025-11-21 17:25:13');
INSERT INTO inspection_lines VALUES(247,40,'002075',1.0,1.0,0.0,NULL,NULL,NULL,NULL,NULL,'2025-11-21 17:25:13','2025-11-21 17:25:13');
INSERT INTO inspection_lines VALUES(248,40,'002340',1.0,1.0,0.0,NULL,NULL,NULL,NULL,NULL,'2025-11-21 17:25:13','2025-11-21 17:25:13');
INSERT INTO inspection_lines VALUES(249,40,'002341',1.0,1.0,0.0,NULL,NULL,NULL,NULL,NULL,'2025-11-21 17:25:13','2025-11-21 17:25:13');
INSERT INTO inspection_lines VALUES(250,40,'002356',1.0,1.0,0.0,NULL,NULL,NULL,NULL,NULL,'2025-11-21 17:25:13','2025-11-21 17:25:13');
INSERT INTO inspection_lines VALUES(251,40,'002365',1.0,1.0,0.0,NULL,NULL,NULL,NULL,NULL,'2025-11-21 17:25:13','2025-11-21 17:25:13');
INSERT INTO inspection_lines VALUES(252,40,'002397',1.0,1.0,0.0,NULL,NULL,NULL,NULL,NULL,'2025-11-21 17:25:13','2025-11-21 17:25:13');
INSERT INTO inspection_lines VALUES(253,40,'002455',1.0,1.0,0.0,NULL,NULL,NULL,NULL,NULL,'2025-11-21 17:25:13','2025-11-21 17:25:13');
INSERT INTO inspection_lines VALUES(254,40,'002460',1.0,1.0,0.0,NULL,NULL,NULL,NULL,NULL,'2025-11-21 17:25:13','2025-11-21 17:25:13');
INSERT INTO inspection_lines VALUES(255,40,'002501',1.0,1.0,0.0,NULL,NULL,NULL,NULL,NULL,'2025-11-21 17:25:13','2025-11-21 17:25:13');
INSERT INTO inspection_lines VALUES(256,40,'002590',1.0,1.0,0.0,NULL,NULL,NULL,NULL,NULL,'2025-11-21 17:25:13','2025-11-21 17:25:13');
INSERT INTO inspection_lines VALUES(257,40,'002625',1.0,1.0,0.0,NULL,NULL,NULL,NULL,NULL,'2025-11-21 17:25:13','2025-11-21 17:25:13');
INSERT INTO inspection_lines VALUES(258,40,'002654',1.0,1.0,0.0,NULL,NULL,NULL,NULL,NULL,'2025-11-21 17:25:13','2025-11-21 17:25:13');
INSERT INTO inspection_lines VALUES(259,40,'002677',1.0,1.0,0.0,NULL,NULL,NULL,NULL,NULL,'2025-11-21 17:25:13','2025-11-21 17:25:13');
INSERT INTO inspection_lines VALUES(260,40,'002703',1.0,1.0,0.0,NULL,NULL,NULL,NULL,NULL,'2025-11-21 17:25:13','2025-11-21 17:25:13');
INSERT INTO inspection_lines VALUES(261,40,'002711',1.0,1.0,0.0,NULL,NULL,NULL,NULL,NULL,'2025-11-21 17:25:13','2025-11-21 17:25:13');
INSERT INTO inspection_lines VALUES(262,40,'003045',1.0,1.0,0.0,NULL,NULL,NULL,NULL,NULL,'2025-11-21 17:25:13','2025-11-21 17:25:13');
INSERT INTO inspection_lines VALUES(263,40,'003050',1.0,1.0,0.0,NULL,NULL,NULL,NULL,NULL,'2025-11-21 17:25:13','2025-11-21 17:25:13');
INSERT INTO inspection_lines VALUES(264,40,'004044',1.0,1.0,0.0,NULL,NULL,NULL,NULL,NULL,'2025-11-21 17:25:13','2025-11-21 17:25:13');
INSERT INTO inspection_lines VALUES(265,40,'016035',1.0,1.0,0.0,NULL,NULL,NULL,NULL,NULL,'2025-11-21 17:25:13','2025-11-21 17:25:13');
INSERT INTO inspection_lines VALUES(266,40,'016048',1.0,1.0,0.0,NULL,NULL,NULL,NULL,NULL,'2025-11-21 17:25:13','2025-11-21 17:25:13');
INSERT INTO inspection_lines VALUES(267,40,'020018',1.0,1.0,0.0,NULL,NULL,NULL,NULL,NULL,'2025-11-21 17:25:13','2025-11-21 17:25:13');
INSERT INTO inspection_lines VALUES(268,40,'020084',1.0,1.0,0.0,NULL,NULL,NULL,NULL,NULL,'2025-11-21 17:25:13','2025-11-21 17:25:13');
INSERT INTO inspection_lines VALUES(269,40,'020090',1.0,1.0,0.0,NULL,NULL,NULL,NULL,NULL,'2025-11-21 17:25:13','2025-11-21 17:25:13');
INSERT INTO inspection_lines VALUES(270,40,'020187',1.0,1.0,0.0,NULL,NULL,NULL,NULL,NULL,'2025-11-21 17:25:13','2025-11-21 17:25:13');
INSERT INTO inspection_lines VALUES(271,40,'020207',1.0,1.0,0.0,NULL,NULL,NULL,NULL,NULL,'2025-11-21 17:25:13','2025-11-21 17:25:13');
INSERT INTO inspection_lines VALUES(272,40,'020301',1.0,1.0,0.0,NULL,NULL,NULL,NULL,NULL,'2025-11-21 17:25:13','2025-11-21 17:25:13');
INSERT INTO inspection_lines VALUES(273,40,'020302',1.0,1.0,0.0,NULL,NULL,NULL,NULL,NULL,'2025-11-21 17:25:13','2025-11-21 17:25:13');
INSERT INTO inspection_lines VALUES(274,40,'020332',1.0,1.0,0.0,NULL,NULL,NULL,NULL,NULL,'2025-11-21 17:25:13','2025-11-21 17:25:13');
INSERT INTO inspection_lines VALUES(275,40,'020345',1.0,1.0,0.0,NULL,NULL,NULL,NULL,NULL,'2025-11-21 17:25:13','2025-11-21 17:25:13');
INSERT INTO inspection_lines VALUES(276,40,'020355',1.0,1.0,0.0,NULL,NULL,NULL,NULL,NULL,'2025-11-21 17:25:13','2025-11-21 17:25:13');
INSERT INTO inspection_lines VALUES(277,40,'020382',1.0,1.0,0.0,NULL,NULL,NULL,NULL,NULL,'2025-11-21 17:25:13','2025-11-21 17:25:13');
INSERT INTO inspection_lines VALUES(278,41,'015001',4.0,4.0,0.0,'','','ambient','','','2025-11-21 17:25:13','2025-11-21 17:25:13');
INSERT INTO inspection_lines VALUES(279,41,'016019',4.0,4.0,0.0,'','','ambient','','','2025-11-21 17:25:13','2025-11-21 17:25:13');
INSERT INTO inspection_lines VALUES(280,42,'015001',1.0,1.0,0.0,'','',NULL,'','','2025-11-21 17:25:13','2025-11-21 17:25:13');
INSERT INTO inspection_lines VALUES(281,42,'017005',1.0,1.0,0.0,'','',NULL,'','','2025-11-21 17:25:13','2025-11-21 17:25:13');
INSERT INTO inspection_lines VALUES(282,43,'016019',1.0,1.0,0.0,NULL,NULL,NULL,NULL,NULL,'2025-11-21 17:25:13','2025-11-21 17:25:13');
INSERT INTO inspection_lines VALUES(283,44,'011004',1.0,1.0,0.0,NULL,NULL,NULL,NULL,NULL,'2025-11-21 17:25:13','2025-11-21 17:25:13');
INSERT INTO inspection_lines VALUES(284,45,'001018',1.0,1.0,0.0,NULL,NULL,NULL,NULL,NULL,'2025-11-21 17:25:13','2025-11-21 17:25:13');
INSERT INTO inspection_lines VALUES(285,46,'015001',1.0,1.0,0.0,NULL,NULL,NULL,NULL,NULL,'2025-11-21 17:25:13','2025-11-21 17:25:13');
INSERT INTO inspection_lines VALUES(286,47,'001018',1.0,1.0,0.0,NULL,NULL,NULL,NULL,NULL,'2025-11-21 17:25:13','2025-11-21 17:25:13');
INSERT INTO inspection_lines VALUES(287,47,'002007',1.0,1.0,0.0,NULL,NULL,NULL,NULL,NULL,'2025-11-21 17:25:13','2025-11-21 17:25:13');
INSERT INTO inspection_lines VALUES(288,48,'015001',4.0,4.0,0.0,NULL,NULL,NULL,NULL,NULL,'2025-11-21 17:25:13','2025-11-21 17:25:13');
INSERT INTO inspection_lines VALUES(289,48,'017005',1.0,1.0,0.0,NULL,NULL,NULL,NULL,NULL,'2025-11-21 17:25:13','2025-11-21 17:25:13');
INSERT INTO inspection_lines VALUES(290,49,'016019',1.0,1.0,0.0,NULL,NULL,NULL,NULL,NULL,'2025-11-21 17:25:13','2025-11-21 17:25:13');
INSERT INTO inspection_lines VALUES(291,50,'011004',1.0,1.0,0.0,NULL,NULL,NULL,NULL,NULL,'2025-11-21 17:25:13','2025-11-21 17:25:13');
INSERT INTO inspection_lines VALUES(292,51,'001018',1.0,1.0,0.0,NULL,NULL,NULL,NULL,NULL,'2025-11-21 17:25:13','2025-11-21 17:25:13');
INSERT INTO inspection_lines VALUES(293,51,'002007',1.0,1.0,0.0,NULL,NULL,NULL,NULL,NULL,'2025-11-21 17:25:13','2025-11-21 17:25:13');
INSERT INTO inspection_lines VALUES(294,51,'002009',1.0,1.0,0.0,NULL,NULL,NULL,NULL,NULL,'2025-11-21 17:25:13','2025-11-21 17:25:13');
INSERT INTO inspection_lines VALUES(295,51,'002012',1.0,1.0,0.0,NULL,NULL,NULL,NULL,NULL,'2025-11-21 17:25:13','2025-11-21 17:25:13');
INSERT INTO inspection_lines VALUES(296,51,'002015',1.0,1.0,0.0,NULL,NULL,NULL,NULL,NULL,'2025-11-21 17:25:13','2025-11-21 17:25:13');
INSERT INTO inspection_lines VALUES(297,51,'002019',1.0,1.0,0.0,NULL,NULL,NULL,NULL,NULL,'2025-11-21 17:25:13','2025-11-21 17:25:13');
INSERT INTO inspection_lines VALUES(298,51,'002029',1.0,1.0,0.0,NULL,NULL,NULL,NULL,NULL,'2025-11-21 17:25:13','2025-11-21 17:25:13');
INSERT INTO inspection_lines VALUES(299,51,'002075',1.0,1.0,0.0,NULL,NULL,NULL,NULL,NULL,'2025-11-21 17:25:13','2025-11-21 17:25:13');
INSERT INTO inspection_lines VALUES(300,51,'002340',1.0,1.0,0.0,NULL,NULL,NULL,NULL,NULL,'2025-11-21 17:25:13','2025-11-21 17:25:13');
INSERT INTO inspection_lines VALUES(301,51,'002341',1.0,1.0,0.0,NULL,NULL,NULL,NULL,NULL,'2025-11-21 17:25:13','2025-11-21 17:25:13');
INSERT INTO inspection_lines VALUES(302,51,'002356',1.0,1.0,0.0,NULL,NULL,NULL,NULL,NULL,'2025-11-21 17:25:13','2025-11-21 17:25:13');
INSERT INTO inspection_lines VALUES(303,51,'002365',1.0,1.0,0.0,NULL,NULL,NULL,NULL,NULL,'2025-11-21 17:25:13','2025-11-21 17:25:13');
INSERT INTO inspection_lines VALUES(304,51,'002397',1.0,1.0,0.0,NULL,NULL,NULL,NULL,NULL,'2025-11-21 17:25:13','2025-11-21 17:25:13');
INSERT INTO inspection_lines VALUES(305,51,'002455',1.0,1.0,0.0,NULL,NULL,NULL,NULL,NULL,'2025-11-21 17:25:13','2025-11-21 17:25:13');
INSERT INTO inspection_lines VALUES(306,51,'002460',1.0,1.0,0.0,NULL,NULL,NULL,NULL,NULL,'2025-11-21 17:25:13','2025-11-21 17:25:13');
INSERT INTO inspection_lines VALUES(307,51,'002501',1.0,1.0,0.0,NULL,NULL,NULL,NULL,NULL,'2025-11-21 17:25:13','2025-11-21 17:25:13');
INSERT INTO inspection_lines VALUES(308,51,'002590',1.0,1.0,0.0,NULL,NULL,NULL,NULL,NULL,'2025-11-21 17:25:13','2025-11-21 17:25:13');
INSERT INTO inspection_lines VALUES(309,51,'002625',1.0,1.0,0.0,NULL,NULL,NULL,NULL,NULL,'2025-11-21 17:25:13','2025-11-21 17:25:13');
INSERT INTO inspection_lines VALUES(310,51,'002654',1.0,1.0,0.0,NULL,NULL,NULL,NULL,NULL,'2025-11-21 17:25:13','2025-11-21 17:25:13');
INSERT INTO inspection_lines VALUES(311,51,'002677',1.0,1.0,0.0,NULL,NULL,NULL,NULL,NULL,'2025-11-21 17:25:13','2025-11-21 17:25:13');
INSERT INTO inspection_lines VALUES(312,51,'002703',1.0,1.0,0.0,NULL,NULL,NULL,NULL,NULL,'2025-11-21 17:25:13','2025-11-21 17:25:13');
INSERT INTO inspection_lines VALUES(313,51,'002711',1.0,1.0,0.0,NULL,NULL,NULL,NULL,NULL,'2025-11-21 17:25:13','2025-11-21 17:25:13');
INSERT INTO inspection_lines VALUES(314,51,'003050',1.0,1.0,0.0,NULL,NULL,NULL,NULL,NULL,'2025-11-21 17:25:13','2025-11-21 17:25:13');
INSERT INTO inspection_lines VALUES(315,51,'004044',1.0,1.0,0.0,NULL,NULL,NULL,NULL,NULL,'2025-11-21 17:25:13','2025-11-21 17:25:13');
INSERT INTO inspection_lines VALUES(316,51,'016035',1.0,1.0,0.0,NULL,NULL,NULL,NULL,NULL,'2025-11-21 17:25:13','2025-11-21 17:25:13');
INSERT INTO inspection_lines VALUES(317,51,'016048',1.0,1.0,0.0,NULL,NULL,NULL,NULL,NULL,'2025-11-21 17:25:13','2025-11-21 17:25:13');
INSERT INTO inspection_lines VALUES(318,51,'020018',1.0,1.0,0.0,NULL,NULL,NULL,NULL,NULL,'2025-11-21 17:25:13','2025-11-21 17:25:13');
INSERT INTO inspection_lines VALUES(319,51,'020084',1.0,1.0,0.0,NULL,NULL,NULL,NULL,NULL,'2025-11-21 17:25:13','2025-11-21 17:25:13');
INSERT INTO inspection_lines VALUES(320,51,'020090',1.0,1.0,0.0,NULL,NULL,NULL,NULL,NULL,'2025-11-21 17:25:13','2025-11-21 17:25:13');
INSERT INTO inspection_lines VALUES(321,51,'020187',1.0,1.0,0.0,NULL,NULL,NULL,NULL,NULL,'2025-11-21 17:25:13','2025-11-21 17:25:13');
INSERT INTO inspection_lines VALUES(322,51,'020207',1.0,1.0,0.0,NULL,NULL,NULL,NULL,NULL,'2025-11-21 17:25:13','2025-11-21 17:25:13');
INSERT INTO inspection_lines VALUES(323,51,'020301',1.0,1.0,0.0,NULL,NULL,NULL,NULL,NULL,'2025-11-21 17:25:13','2025-11-21 17:25:13');
INSERT INTO inspection_lines VALUES(324,51,'020302',1.0,1.0,0.0,NULL,NULL,NULL,NULL,NULL,'2025-11-21 17:25:13','2025-11-21 17:25:13');
INSERT INTO inspection_lines VALUES(325,51,'020332',1.0,1.0,0.0,NULL,NULL,NULL,NULL,NULL,'2025-11-21 17:25:13','2025-11-21 17:25:13');
INSERT INTO inspection_lines VALUES(326,51,'020345',1.0,1.0,0.0,NULL,NULL,NULL,NULL,NULL,'2025-11-21 17:25:13','2025-11-21 17:25:13');
INSERT INTO inspection_lines VALUES(327,51,'020355',1.0,1.0,0.0,NULL,NULL,NULL,NULL,NULL,'2025-11-21 17:25:13','2025-11-21 17:25:13');
INSERT INTO inspection_lines VALUES(328,51,'020382',1.0,1.0,0.0,NULL,NULL,NULL,NULL,NULL,'2025-11-21 17:25:13','2025-11-21 17:25:13');
INSERT INTO inspection_lines VALUES(329,52,'001001',1.0,1.0,0.0,NULL,NULL,NULL,NULL,NULL,'2025-11-21 17:25:13','2025-11-21 17:25:13');
INSERT INTO inspection_lines VALUES(330,53,'011004',4.0,4.0,0.0,NULL,NULL,NULL,NULL,NULL,'2025-11-21 17:25:13','2025-11-21 17:25:13');
INSERT INTO inspection_lines VALUES(331,54,'015001',1.0,1.0,0.0,NULL,NULL,NULL,NULL,NULL,'2025-11-21 17:25:13','2025-11-21 17:25:13');
INSERT INTO inspection_lines VALUES(332,55,'001018',1.0,1.0,0.0,NULL,NULL,NULL,NULL,NULL,'2025-11-21 17:25:13','2025-11-21 17:25:13');
INSERT INTO inspection_lines VALUES(333,55,'002015',1.0,1.0,0.0,NULL,NULL,NULL,NULL,NULL,'2025-11-21 17:25:13','2025-11-21 17:25:13');
INSERT INTO inspection_lines VALUES(334,55,'002019',1.0,1.0,0.0,NULL,NULL,NULL,NULL,NULL,'2025-11-21 17:25:13','2025-11-21 17:25:13');
INSERT INTO inspection_lines VALUES(335,55,'002029',1.0,1.0,0.0,NULL,NULL,NULL,NULL,NULL,'2025-11-21 17:25:13','2025-11-21 17:25:13');
INSERT INTO inspection_lines VALUES(336,55,'002075',1.0,1.0,0.0,NULL,NULL,NULL,NULL,NULL,'2025-11-21 17:25:13','2025-11-21 17:25:13');
INSERT INTO inspection_lines VALUES(337,55,'002340',1.0,1.0,0.0,NULL,NULL,NULL,NULL,NULL,'2025-11-21 17:25:13','2025-11-21 17:25:13');
INSERT INTO inspection_lines VALUES(338,55,'002341',1.0,1.0,0.0,NULL,NULL,NULL,NULL,NULL,'2025-11-21 17:25:13','2025-11-21 17:25:13');
INSERT INTO inspection_lines VALUES(339,55,'002356',1.0,1.0,0.0,NULL,NULL,NULL,NULL,NULL,'2025-11-21 17:25:13','2025-11-21 17:25:13');
INSERT INTO inspection_lines VALUES(340,56,'001001',6.0,6.0,0.0,NULL,NULL,NULL,NULL,NULL,'2025-11-21 17:25:13','2025-11-21 17:25:13');
INSERT INTO inspection_lines VALUES(341,57,'015001',2.0,2.0,0.0,NULL,NULL,NULL,NULL,NULL,'2025-11-21 17:25:13','2025-11-21 17:25:13');
INSERT INTO inspection_lines VALUES(342,57,'017005',3.0,3.0,0.0,NULL,NULL,NULL,NULL,NULL,'2025-11-21 17:25:13','2025-11-21 17:25:13');
INSERT INTO inspection_lines VALUES(343,58,'011004',5.0,5.0,0.0,NULL,NULL,NULL,NULL,NULL,'2025-11-21 17:25:13','2025-11-21 17:25:13');
INSERT INTO inspection_lines VALUES(344,59,'001018',2.0,2.0,0.0,'','',NULL,'','','2025-11-21 17:25:13','2025-11-21 17:25:13');
INSERT INTO inspection_lines VALUES(345,59,'002007',1.0,1.0,0.0,'kg','','frozen','','','2025-11-21 17:25:13','2025-11-21 17:25:13');
INSERT INTO inspection_lines VALUES(346,59,'002009',1.0,1.0,0.0,'kg','沖縄10kg単位','frozen','','','2025-11-21 17:25:13','2025-11-21 17:25:13');
INSERT INTO inspection_lines VALUES(347,59,'002012',3.0,3.0,0.0,'','',NULL,'','','2025-11-21 17:25:13','2025-11-21 17:25:13');
INSERT INTO inspection_lines VALUES(348,59,'002019',5.0,5.0,0.0,'','',NULL,'','','2025-11-21 17:25:13','2025-11-21 17:25:13');
INSERT INTO inspection_lines VALUES(349,59,'002075',4.0,4.0,0.0,'','',NULL,'','','2025-11-21 17:25:13','2025-11-21 17:25:13');
INSERT INTO inspection_lines VALUES(350,59,'002365',5.0,5.0,0.0,'','',NULL,'','','2025-11-21 17:25:13','2025-11-21 17:25:13');
INSERT INTO inspection_lines VALUES(351,59,'002455',1.0,1.0,0.0,'','',NULL,'','','2025-11-21 17:25:13','2025-11-21 17:25:13');
INSERT INTO inspection_lines VALUES(352,59,'002590',5.0,5.0,0.0,'','',NULL,'','','2025-11-21 17:25:13','2025-11-21 17:25:13');
INSERT INTO inspection_lines VALUES(353,59,'002677',3.0,3.0,0.0,'','',NULL,'','','2025-11-21 17:25:13','2025-11-21 17:25:13');
INSERT INTO inspection_lines VALUES(354,59,'003050',8.0,8.0,0.0,'','',NULL,'','','2025-11-21 17:25:13','2025-11-21 17:25:13');
INSERT INTO inspection_lines VALUES(355,59,'016048',2.0,2.0,0.0,'','',NULL,'','','2025-11-21 17:25:13','2025-11-21 17:25:13');
INSERT INTO inspection_lines VALUES(356,59,'020090',2.0,2.0,0.0,'','',NULL,'','','2025-11-21 17:25:13','2025-11-21 17:25:13');
INSERT INTO inspection_lines VALUES(357,59,'020301',1.0,1.0,0.0,'','',NULL,'','','2025-11-21 17:25:13','2025-11-21 17:25:13');
INSERT INTO inspection_lines VALUES(358,59,'020332',2.0,2.0,0.0,'','',NULL,'','','2025-11-21 17:25:13','2025-11-21 17:25:13');
INSERT INTO inspection_lines VALUES(359,59,'020355',6.0,6.0,0.0,'','',NULL,'','','2025-11-21 17:25:13','2025-11-21 17:25:13');
INSERT INTO inspection_lines VALUES(360,60,'001001',6.0,6.0,0.0,NULL,NULL,NULL,NULL,NULL,'2025-11-21 17:25:13','2025-11-21 17:25:13');
INSERT INTO inspection_lines VALUES(361,61,'015001',1.0,1.0,0.0,NULL,NULL,NULL,NULL,NULL,'2025-11-21 17:25:13','2025-11-21 17:25:13');
INSERT INTO inspection_lines VALUES(362,61,'017005',1.0,1.0,0.0,NULL,NULL,NULL,NULL,NULL,'2025-11-21 17:25:13','2025-11-21 17:25:13');
INSERT INTO inspection_lines VALUES(363,62,'016019',1.0,1.0,0.0,NULL,NULL,NULL,NULL,NULL,'2025-11-21 17:25:13','2025-11-21 17:25:13');
INSERT INTO inspection_lines VALUES(364,63,'001018',1.0,1.0,0.0,NULL,NULL,NULL,NULL,NULL,'2025-11-21 17:25:13','2025-11-21 17:25:13');
INSERT INTO inspection_lines VALUES(365,63,'002007',1.0,1.0,0.0,NULL,NULL,NULL,NULL,NULL,'2025-11-21 17:25:13','2025-11-21 17:25:13');
INSERT INTO inspection_lines VALUES(366,63,'002009',1.0,1.0,0.0,NULL,NULL,NULL,NULL,NULL,'2025-11-21 17:25:13','2025-11-21 17:25:13');
INSERT INTO inspection_lines VALUES(367,63,'002012',1.0,1.0,0.0,NULL,NULL,NULL,NULL,NULL,'2025-11-21 17:25:13','2025-11-21 17:25:13');
INSERT INTO inspection_lines VALUES(368,63,'002015',1.0,1.0,0.0,NULL,NULL,NULL,NULL,NULL,'2025-11-21 17:25:13','2025-11-21 17:25:13');
INSERT INTO inspection_lines VALUES(369,63,'002019',1.0,1.0,0.0,NULL,NULL,NULL,NULL,NULL,'2025-11-21 17:25:13','2025-11-21 17:25:13');
INSERT INTO inspection_lines VALUES(370,63,'002029',1.0,1.0,0.0,NULL,NULL,NULL,NULL,NULL,'2025-11-21 17:25:13','2025-11-21 17:25:13');
INSERT INTO inspection_lines VALUES(371,63,'002075',1.0,1.0,0.0,NULL,NULL,NULL,NULL,NULL,'2025-11-21 17:25:13','2025-11-21 17:25:13');
INSERT INTO inspection_lines VALUES(372,63,'002340',1.0,1.0,0.0,NULL,NULL,NULL,NULL,NULL,'2025-11-21 17:25:13','2025-11-21 17:25:13');
INSERT INTO inspection_lines VALUES(373,63,'002341',1.0,1.0,0.0,NULL,NULL,NULL,NULL,NULL,'2025-11-21 17:25:13','2025-11-21 17:25:13');
INSERT INTO inspection_lines VALUES(374,63,'002356',1.0,1.0,0.0,NULL,NULL,NULL,NULL,NULL,'2025-11-21 17:25:13','2025-11-21 17:25:13');
INSERT INTO inspection_lines VALUES(375,63,'002365',1.0,1.0,0.0,NULL,NULL,NULL,NULL,NULL,'2025-11-21 17:25:13','2025-11-21 17:25:13');
INSERT INTO inspection_lines VALUES(376,63,'002397',1.0,1.0,0.0,NULL,NULL,NULL,NULL,NULL,'2025-11-21 17:25:13','2025-11-21 17:25:13');
INSERT INTO inspection_lines VALUES(377,63,'002455',1.0,1.0,0.0,NULL,NULL,NULL,NULL,NULL,'2025-11-21 17:25:13','2025-11-21 17:25:13');
INSERT INTO inspection_lines VALUES(378,63,'002460',1.0,1.0,0.0,NULL,NULL,NULL,NULL,NULL,'2025-11-21 17:25:13','2025-11-21 17:25:13');
INSERT INTO inspection_lines VALUES(379,63,'002501',1.0,1.0,0.0,NULL,NULL,NULL,NULL,NULL,'2025-11-21 17:25:13','2025-11-21 17:25:13');
INSERT INTO inspection_lines VALUES(380,63,'002590',1.0,1.0,0.0,NULL,NULL,NULL,NULL,NULL,'2025-11-21 17:25:13','2025-11-21 17:25:13');
INSERT INTO inspection_lines VALUES(381,63,'002625',1.0,1.0,0.0,NULL,NULL,NULL,NULL,NULL,'2025-11-21 17:25:13','2025-11-21 17:25:13');
INSERT INTO inspection_lines VALUES(382,63,'002654',1.0,1.0,0.0,NULL,NULL,NULL,NULL,NULL,'2025-11-21 17:25:13','2025-11-21 17:25:13');
INSERT INTO inspection_lines VALUES(383,63,'002677',1.0,1.0,0.0,NULL,NULL,NULL,NULL,NULL,'2025-11-21 17:25:13','2025-11-21 17:25:13');
INSERT INTO inspection_lines VALUES(384,63,'002703',1.0,1.0,0.0,NULL,NULL,NULL,NULL,NULL,'2025-11-21 17:25:13','2025-11-21 17:25:13');
INSERT INTO inspection_lines VALUES(385,63,'002711',1.0,1.0,0.0,NULL,NULL,NULL,NULL,NULL,'2025-11-21 17:25:13','2025-11-21 17:25:13');
INSERT INTO inspection_lines VALUES(386,63,'003050',1.0,1.0,0.0,NULL,NULL,NULL,NULL,NULL,'2025-11-21 17:25:13','2025-11-21 17:25:13');
INSERT INTO inspection_lines VALUES(387,63,'004044',1.0,1.0,0.0,NULL,NULL,NULL,NULL,NULL,'2025-11-21 17:25:13','2025-11-21 17:25:13');
INSERT INTO inspection_lines VALUES(388,63,'016035',1.0,1.0,0.0,NULL,NULL,NULL,NULL,NULL,'2025-11-21 17:25:13','2025-11-21 17:25:13');
INSERT INTO inspection_lines VALUES(389,63,'016048',1.0,1.0,0.0,NULL,NULL,NULL,NULL,NULL,'2025-11-21 17:25:13','2025-11-21 17:25:13');
INSERT INTO inspection_lines VALUES(390,63,'020018',1.0,1.0,0.0,NULL,NULL,NULL,NULL,NULL,'2025-11-21 17:25:13','2025-11-21 17:25:13');
INSERT INTO inspection_lines VALUES(391,63,'020084',1.0,1.0,0.0,NULL,NULL,NULL,NULL,NULL,'2025-11-21 17:25:13','2025-11-21 17:25:13');
INSERT INTO inspection_lines VALUES(392,63,'020090',1.0,1.0,0.0,NULL,NULL,NULL,NULL,NULL,'2025-11-21 17:25:13','2025-11-21 17:25:13');
INSERT INTO inspection_lines VALUES(393,63,'020187',1.0,1.0,0.0,NULL,NULL,NULL,NULL,NULL,'2025-11-21 17:25:13','2025-11-21 17:25:13');
INSERT INTO inspection_lines VALUES(394,63,'020207',1.0,1.0,0.0,NULL,NULL,NULL,NULL,NULL,'2025-11-21 17:25:13','2025-11-21 17:25:13');
INSERT INTO inspection_lines VALUES(395,63,'020301',1.0,1.0,0.0,NULL,NULL,NULL,NULL,NULL,'2025-11-21 17:25:13','2025-11-21 17:25:13');
INSERT INTO inspection_lines VALUES(396,63,'020302',1.0,1.0,0.0,NULL,NULL,NULL,NULL,NULL,'2025-11-21 17:25:13','2025-11-21 17:25:13');
INSERT INTO inspection_lines VALUES(397,63,'020332',1.0,1.0,0.0,NULL,NULL,NULL,NULL,NULL,'2025-11-21 17:25:13','2025-11-21 17:25:13');
INSERT INTO inspection_lines VALUES(398,63,'020345',1.0,1.0,0.0,NULL,NULL,NULL,NULL,NULL,'2025-11-21 17:25:13','2025-11-21 17:25:13');
INSERT INTO inspection_lines VALUES(399,63,'020355',1.0,1.0,0.0,NULL,NULL,NULL,NULL,NULL,'2025-11-21 17:25:13','2025-11-21 17:25:13');
INSERT INTO inspection_lines VALUES(400,63,'020382',1.0,1.0,0.0,NULL,NULL,NULL,NULL,NULL,'2025-11-21 17:25:13','2025-11-21 17:25:13');
INSERT INTO inspection_lines VALUES(401,64,'015001',2.0,2.0,0.0,NULL,NULL,NULL,NULL,NULL,'2025-11-26 18:24:18','2025-11-26 18:24:18');
INSERT INTO inspection_lines VALUES(402,64,'017005',3.0,3.0,0.0,NULL,NULL,NULL,NULL,NULL,'2025-11-26 18:24:18','2025-11-26 18:24:18');
INSERT INTO inspection_lines VALUES(404,65,'015001',5.0,5.0,0.0,NULL,NULL,NULL,NULL,NULL,'2025-11-27 02:12:10','2025-11-27 02:12:10');
INSERT INTO inspection_lines VALUES(405,65,'017005',3.0,3.0,0.0,NULL,NULL,NULL,NULL,NULL,'2025-11-27 02:12:10','2025-11-27 02:12:10');
INSERT INTO inspection_lines VALUES(406,66,'016019',2.0,2.0,0.0,NULL,NULL,NULL,NULL,NULL,'2025-11-27 02:12:10','2025-11-27 02:12:10');
INSERT INTO inspection_lines VALUES(407,67,'001001',5.0,5.0,0.0,NULL,NULL,NULL,NULL,NULL,'2025-11-28 02:35:34','2025-11-28 02:35:34');
INSERT INTO inspection_lines VALUES(408,68,'015001',1.0,1.0,0.0,NULL,NULL,NULL,NULL,NULL,'2025-11-28 02:35:34','2025-11-28 02:35:34');
INSERT INTO inspection_lines VALUES(409,68,'017005',1.0,1.0,0.0,NULL,NULL,NULL,NULL,NULL,'2025-11-28 02:35:34','2025-11-28 02:35:34');
INSERT INTO inspection_lines VALUES(410,69,'016019',1.0,0.0,-1.0,NULL,NULL,NULL,NULL,NULL,'2025-11-28 02:35:34','2025-11-28 15:14:45');
INSERT INTO inspection_lines VALUES(411,70,'001018',1.0,1.0,0.0,NULL,NULL,NULL,NULL,NULL,'2025-11-28 02:35:34','2025-11-28 02:35:34');
INSERT INTO inspection_lines VALUES(412,70,'002007',1.0,1.0,0.0,NULL,NULL,NULL,NULL,NULL,'2025-11-28 02:35:34','2025-11-28 02:35:34');
INSERT INTO inspection_lines VALUES(413,70,'002009',1.0,1.0,0.0,NULL,NULL,NULL,NULL,NULL,'2025-11-28 02:35:34','2025-11-28 02:35:34');
INSERT INTO inspection_lines VALUES(414,70,'002012',1.0,1.0,0.0,NULL,NULL,NULL,NULL,NULL,'2025-11-28 02:35:34','2025-11-28 02:35:34');
INSERT INTO inspection_lines VALUES(415,70,'002015',1.0,1.0,0.0,NULL,NULL,NULL,NULL,NULL,'2025-11-28 02:35:34','2025-11-28 02:35:34');
INSERT INTO inspection_lines VALUES(416,70,'002019',1.0,1.0,0.0,NULL,NULL,NULL,NULL,NULL,'2025-11-28 02:35:34','2025-11-28 02:35:34');
INSERT INTO inspection_lines VALUES(417,70,'002029',1.0,1.0,0.0,NULL,NULL,NULL,NULL,NULL,'2025-11-28 02:35:34','2025-11-28 02:35:34');
INSERT INTO inspection_lines VALUES(418,70,'002075',1.0,1.0,0.0,NULL,NULL,NULL,NULL,NULL,'2025-11-28 02:35:34','2025-11-28 02:35:34');
INSERT INTO inspection_lines VALUES(419,70,'002340',1.0,1.0,0.0,NULL,NULL,NULL,NULL,NULL,'2025-11-28 02:35:34','2025-11-28 02:35:34');
INSERT INTO inspection_lines VALUES(420,70,'002341',1.0,1.0,0.0,NULL,NULL,NULL,NULL,NULL,'2025-11-28 02:35:34','2025-11-28 02:35:34');
INSERT INTO inspection_lines VALUES(421,70,'002356',1.0,1.0,0.0,NULL,NULL,NULL,NULL,NULL,'2025-11-28 02:35:34','2025-11-28 02:35:34');
INSERT INTO inspection_lines VALUES(422,70,'002365',1.0,1.0,0.0,NULL,NULL,NULL,NULL,NULL,'2025-11-28 02:35:34','2025-11-28 02:35:34');
INSERT INTO inspection_lines VALUES(423,70,'002397',1.0,1.0,0.0,NULL,NULL,NULL,NULL,NULL,'2025-11-28 02:35:34','2025-11-28 02:35:34');
INSERT INTO inspection_lines VALUES(424,70,'002455',1.0,1.0,0.0,NULL,NULL,NULL,NULL,NULL,'2025-11-28 02:35:34','2025-11-28 02:35:34');
INSERT INTO inspection_lines VALUES(425,70,'002460',1.0,1.0,0.0,NULL,NULL,NULL,NULL,NULL,'2025-11-28 02:35:34','2025-11-28 02:35:34');
INSERT INTO inspection_lines VALUES(426,70,'002501',1.0,1.0,0.0,NULL,NULL,NULL,NULL,NULL,'2025-11-28 02:35:34','2025-11-28 02:35:34');
INSERT INTO inspection_lines VALUES(427,70,'002590',1.0,1.0,0.0,NULL,NULL,NULL,NULL,NULL,'2025-11-28 02:35:34','2025-11-28 02:35:34');
INSERT INTO inspection_lines VALUES(428,70,'002625',1.0,1.0,0.0,NULL,NULL,NULL,NULL,NULL,'2025-11-28 02:35:34','2025-11-28 02:35:34');
INSERT INTO inspection_lines VALUES(429,70,'002654',1.0,1.0,0.0,NULL,NULL,NULL,NULL,NULL,'2025-11-28 02:35:34','2025-11-28 02:35:34');
INSERT INTO inspection_lines VALUES(430,70,'002677',1.0,1.0,0.0,NULL,NULL,NULL,NULL,NULL,'2025-11-28 02:35:34','2025-11-28 02:35:34');
INSERT INTO inspection_lines VALUES(431,70,'002703',1.0,1.0,0.0,NULL,NULL,NULL,NULL,NULL,'2025-11-28 02:35:34','2025-11-28 02:35:34');
INSERT INTO inspection_lines VALUES(432,70,'002711',1.0,1.0,0.0,NULL,NULL,NULL,NULL,NULL,'2025-11-28 02:35:34','2025-11-28 02:35:34');
INSERT INTO inspection_lines VALUES(433,70,'003045',1.0,1.0,0.0,NULL,NULL,NULL,NULL,NULL,'2025-11-28 02:35:34','2025-11-28 02:35:34');
INSERT INTO inspection_lines VALUES(434,70,'003050',1.0,1.0,0.0,NULL,NULL,NULL,NULL,NULL,'2025-11-28 02:35:34','2025-11-28 02:35:34');
INSERT INTO inspection_lines VALUES(435,70,'004044',1.0,1.0,0.0,NULL,NULL,NULL,NULL,NULL,'2025-11-28 02:35:34','2025-11-28 02:35:34');
INSERT INTO inspection_lines VALUES(436,70,'016035',1.0,1.0,0.0,NULL,NULL,NULL,NULL,NULL,'2025-11-28 02:35:34','2025-11-28 02:35:34');
INSERT INTO inspection_lines VALUES(437,70,'016048',1.0,1.0,0.0,NULL,NULL,NULL,NULL,NULL,'2025-11-28 02:35:34','2025-11-28 02:35:34');
INSERT INTO inspection_lines VALUES(438,70,'020018',1.0,1.0,0.0,NULL,NULL,NULL,NULL,NULL,'2025-11-28 02:35:34','2025-11-28 02:35:34');
INSERT INTO inspection_lines VALUES(439,70,'020084',1.0,1.0,0.0,NULL,NULL,NULL,NULL,NULL,'2025-11-28 02:35:34','2025-11-28 02:35:34');
INSERT INTO inspection_lines VALUES(440,70,'020090',1.0,1.0,0.0,NULL,NULL,NULL,NULL,NULL,'2025-11-28 02:35:34','2025-11-28 02:35:34');
INSERT INTO inspection_lines VALUES(441,70,'020187',1.0,1.0,0.0,NULL,NULL,NULL,NULL,NULL,'2025-11-28 02:35:34','2025-11-28 02:35:34');
INSERT INTO inspection_lines VALUES(442,70,'020207',1.0,1.0,0.0,NULL,NULL,NULL,NULL,NULL,'2025-11-28 02:35:34','2025-11-28 02:35:34');
INSERT INTO inspection_lines VALUES(443,70,'020301',1.0,1.0,0.0,NULL,NULL,NULL,NULL,NULL,'2025-11-28 02:35:34','2025-11-28 02:35:34');
INSERT INTO inspection_lines VALUES(444,70,'020302',1.0,1.0,0.0,NULL,NULL,NULL,NULL,NULL,'2025-11-28 02:35:34','2025-11-28 02:35:34');
INSERT INTO inspection_lines VALUES(445,70,'020332',1.0,1.0,0.0,NULL,NULL,NULL,NULL,NULL,'2025-11-28 02:35:34','2025-11-28 02:35:34');
INSERT INTO inspection_lines VALUES(446,70,'020345',1.0,1.0,0.0,NULL,NULL,NULL,NULL,NULL,'2025-11-28 02:35:34','2025-11-28 02:35:34');
INSERT INTO inspection_lines VALUES(447,70,'020355',1.0,1.0,0.0,NULL,NULL,NULL,NULL,NULL,'2025-11-28 02:35:34','2025-11-28 02:35:34');
INSERT INTO inspection_lines VALUES(448,70,'020382',1.0,1.0,0.0,NULL,NULL,NULL,NULL,NULL,'2025-11-28 02:35:34','2025-11-28 02:35:34');
INSERT INTO inspection_lines VALUES(449,71,'001001',6.0,6.0,0.0,NULL,NULL,NULL,NULL,NULL,'2025-11-28 02:35:34','2025-11-28 02:35:34');
INSERT INTO inspection_lines VALUES(450,72,'001018',1.0,1.0,0.0,NULL,NULL,NULL,NULL,NULL,'2025-11-28 02:35:34','2025-11-28 02:35:34');
INSERT INTO inspection_lines VALUES(451,72,'002007',1.0,1.0,0.0,NULL,NULL,NULL,NULL,NULL,'2025-11-28 02:35:34','2025-11-28 02:35:34');
INSERT INTO inspection_lines VALUES(452,72,'002009',1.0,1.0,0.0,NULL,NULL,NULL,NULL,NULL,'2025-11-28 02:35:34','2025-11-28 02:35:34');
INSERT INTO inspection_lines VALUES(453,72,'002012',1.0,1.0,0.0,NULL,NULL,NULL,NULL,NULL,'2025-11-28 02:35:34','2025-11-28 02:35:34');
INSERT INTO inspection_lines VALUES(454,72,'002015',1.0,1.0,0.0,NULL,NULL,NULL,NULL,NULL,'2025-11-28 02:35:34','2025-11-28 02:35:34');
INSERT INTO inspection_lines VALUES(455,72,'002019',1.0,1.0,0.0,NULL,NULL,NULL,NULL,NULL,'2025-11-28 02:35:34','2025-11-28 02:35:34');
INSERT INTO inspection_lines VALUES(456,72,'002029',1.0,1.0,0.0,NULL,NULL,NULL,NULL,NULL,'2025-11-28 02:35:34','2025-11-28 02:35:34');
INSERT INTO inspection_lines VALUES(457,72,'002075',1.0,1.0,0.0,NULL,NULL,NULL,NULL,NULL,'2025-11-28 02:35:34','2025-11-28 02:35:34');
INSERT INTO inspection_lines VALUES(458,72,'002340',1.0,1.0,0.0,NULL,NULL,NULL,NULL,NULL,'2025-11-28 02:35:34','2025-11-28 02:35:34');
INSERT INTO inspection_lines VALUES(459,72,'002341',1.0,1.0,0.0,NULL,NULL,NULL,NULL,NULL,'2025-11-28 02:35:34','2025-11-28 02:35:34');
INSERT INTO inspection_lines VALUES(460,72,'002356',1.0,1.0,0.0,NULL,NULL,NULL,NULL,NULL,'2025-11-28 02:35:34','2025-11-28 02:35:34');
INSERT INTO inspection_lines VALUES(461,72,'002365',1.0,1.0,0.0,NULL,NULL,NULL,NULL,NULL,'2025-11-28 02:35:34','2025-11-28 02:35:34');
INSERT INTO inspection_lines VALUES(462,72,'002397',1.0,1.0,0.0,NULL,NULL,NULL,NULL,NULL,'2025-11-28 02:35:34','2025-11-28 02:35:34');
INSERT INTO inspection_lines VALUES(463,72,'002455',1.0,1.0,0.0,NULL,NULL,NULL,NULL,NULL,'2025-11-28 02:35:34','2025-11-28 02:35:34');
INSERT INTO inspection_lines VALUES(464,72,'002460',1.0,1.0,0.0,NULL,NULL,NULL,NULL,NULL,'2025-11-28 02:35:34','2025-11-28 02:35:34');
INSERT INTO inspection_lines VALUES(465,72,'002501',1.0,1.0,0.0,NULL,NULL,NULL,NULL,NULL,'2025-11-28 02:35:34','2025-11-28 02:35:34');
INSERT INTO inspection_lines VALUES(466,72,'002590',1.0,1.0,0.0,NULL,NULL,NULL,NULL,NULL,'2025-11-28 02:35:34','2025-11-28 02:35:34');
INSERT INTO inspection_lines VALUES(467,72,'002625',1.0,1.0,0.0,NULL,NULL,NULL,NULL,NULL,'2025-11-28 02:35:34','2025-11-28 02:35:34');
INSERT INTO inspection_lines VALUES(468,72,'002654',1.0,1.0,0.0,NULL,NULL,NULL,NULL,NULL,'2025-11-28 02:35:34','2025-11-28 02:35:34');
INSERT INTO inspection_lines VALUES(469,72,'002677',1.0,1.0,0.0,NULL,NULL,NULL,NULL,NULL,'2025-11-28 02:35:34','2025-11-28 02:35:34');
INSERT INTO inspection_lines VALUES(470,72,'002703',1.0,1.0,0.0,NULL,NULL,NULL,NULL,NULL,'2025-11-28 02:35:34','2025-11-28 02:35:34');
INSERT INTO inspection_lines VALUES(471,72,'002711',1.0,1.0,0.0,NULL,NULL,NULL,NULL,NULL,'2025-11-28 02:35:34','2025-11-28 02:35:34');
INSERT INTO inspection_lines VALUES(472,72,'003045',1.0,1.0,0.0,NULL,NULL,NULL,NULL,NULL,'2025-11-28 02:35:34','2025-11-28 02:35:34');
INSERT INTO inspection_lines VALUES(473,72,'003050',1.0,1.0,0.0,NULL,NULL,NULL,NULL,NULL,'2025-11-28 02:35:34','2025-11-28 02:35:34');
INSERT INTO inspection_lines VALUES(474,72,'004044',1.0,1.0,0.0,NULL,NULL,NULL,NULL,NULL,'2025-11-28 02:35:34','2025-11-28 02:35:34');
INSERT INTO inspection_lines VALUES(475,72,'016035',1.0,1.0,0.0,NULL,NULL,NULL,NULL,NULL,'2025-11-28 02:35:34','2025-11-28 02:35:34');
INSERT INTO inspection_lines VALUES(476,72,'016048',1.0,1.0,0.0,NULL,NULL,NULL,NULL,NULL,'2025-11-28 02:35:34','2025-11-28 02:35:34');
INSERT INTO inspection_lines VALUES(477,72,'020018',1.0,1.0,0.0,NULL,NULL,NULL,NULL,NULL,'2025-11-28 02:35:34','2025-11-28 02:35:34');
INSERT INTO inspection_lines VALUES(478,72,'020084',1.0,1.0,0.0,NULL,NULL,NULL,NULL,NULL,'2025-11-28 02:35:34','2025-11-28 02:35:34');
INSERT INTO inspection_lines VALUES(479,72,'020090',1.0,1.0,0.0,NULL,NULL,NULL,NULL,NULL,'2025-11-28 02:35:34','2025-11-28 02:35:34');
INSERT INTO inspection_lines VALUES(480,72,'020187',1.0,1.0,0.0,NULL,NULL,NULL,NULL,NULL,'2025-11-28 02:35:34','2025-11-28 02:35:34');
INSERT INTO inspection_lines VALUES(481,72,'020207',1.0,1.0,0.0,NULL,NULL,NULL,NULL,NULL,'2025-11-28 02:35:34','2025-11-28 02:35:34');
INSERT INTO inspection_lines VALUES(482,72,'020301',1.0,1.0,0.0,NULL,NULL,NULL,NULL,NULL,'2025-11-28 02:35:34','2025-11-28 02:35:34');
INSERT INTO inspection_lines VALUES(483,72,'020302',1.0,1.0,0.0,NULL,NULL,NULL,NULL,NULL,'2025-11-28 02:35:34','2025-11-28 02:35:34');
INSERT INTO inspection_lines VALUES(484,72,'020332',1.0,1.0,0.0,NULL,NULL,NULL,NULL,NULL,'2025-11-28 02:35:34','2025-11-28 02:35:34');
INSERT INTO inspection_lines VALUES(485,72,'020345',1.0,1.0,0.0,NULL,NULL,NULL,NULL,NULL,'2025-11-28 02:35:34','2025-11-28 02:35:34');
INSERT INTO inspection_lines VALUES(486,72,'020355',1.0,1.0,0.0,NULL,NULL,NULL,NULL,NULL,'2025-11-28 02:35:34','2025-11-28 02:35:34');
INSERT INTO inspection_lines VALUES(487,72,'020382',1.0,1.0,0.0,NULL,NULL,NULL,NULL,NULL,'2025-11-28 02:35:34','2025-11-28 02:35:34');
INSERT INTO inspection_lines VALUES(488,73,'001001',8.0,8.0,0.0,NULL,NULL,NULL,NULL,NULL,'2025-11-28 02:35:34','2025-11-28 02:35:34');
INSERT INTO inspection_lines VALUES(489,74,'015001',1.0,1.0,0.0,NULL,NULL,NULL,NULL,NULL,'2025-11-28 02:35:34','2025-11-28 02:35:34');
INSERT INTO inspection_lines VALUES(490,74,'017005',1.0,1.0,0.0,NULL,NULL,NULL,NULL,NULL,'2025-11-28 02:35:34','2025-11-28 02:35:34');
INSERT INTO inspection_lines VALUES(491,75,'016019',1.0,1.0,0.0,NULL,NULL,NULL,NULL,NULL,'2025-11-28 02:35:34','2025-11-28 02:35:34');
INSERT INTO inspection_lines VALUES(492,76,'001018',1.0,1.0,0.0,NULL,NULL,NULL,NULL,NULL,'2025-11-28 02:35:34','2025-11-28 02:35:34');
INSERT INTO inspection_lines VALUES(493,76,'002007',1.0,1.0,0.0,NULL,NULL,NULL,NULL,NULL,'2025-11-28 02:35:34','2025-11-28 02:35:34');
INSERT INTO inspection_lines VALUES(494,76,'002009',1.0,1.0,0.0,NULL,NULL,NULL,NULL,NULL,'2025-11-28 02:35:34','2025-11-28 02:35:34');
INSERT INTO inspection_lines VALUES(495,76,'002012',1.0,1.0,0.0,NULL,NULL,NULL,NULL,NULL,'2025-11-28 02:35:34','2025-11-28 02:35:34');
INSERT INTO inspection_lines VALUES(496,76,'002015',1.0,1.0,0.0,NULL,NULL,NULL,NULL,NULL,'2025-11-28 02:35:34','2025-11-28 02:35:34');
INSERT INTO inspection_lines VALUES(497,76,'002019',1.0,1.0,0.0,NULL,NULL,NULL,NULL,NULL,'2025-11-28 02:35:34','2025-11-28 02:35:34');
INSERT INTO inspection_lines VALUES(498,76,'002029',1.0,1.0,0.0,NULL,NULL,NULL,NULL,NULL,'2025-11-28 02:35:34','2025-11-28 02:35:34');
INSERT INTO inspection_lines VALUES(499,76,'002075',1.0,1.0,0.0,NULL,NULL,NULL,NULL,NULL,'2025-11-28 02:35:34','2025-11-28 02:35:34');
INSERT INTO inspection_lines VALUES(500,76,'002340',1.0,1.0,0.0,NULL,NULL,NULL,NULL,NULL,'2025-11-28 02:35:34','2025-11-28 02:35:34');
INSERT INTO inspection_lines VALUES(501,76,'002341',1.0,1.0,0.0,NULL,NULL,NULL,NULL,NULL,'2025-11-28 02:35:34','2025-11-28 02:35:34');
INSERT INTO inspection_lines VALUES(502,76,'002356',1.0,1.0,0.0,NULL,NULL,NULL,NULL,NULL,'2025-11-28 02:35:34','2025-11-28 02:35:34');
INSERT INTO inspection_lines VALUES(503,76,'002365',1.0,1.0,0.0,NULL,NULL,NULL,NULL,NULL,'2025-11-28 02:35:34','2025-11-28 02:35:34');
INSERT INTO inspection_lines VALUES(504,76,'002397',1.0,1.0,0.0,NULL,NULL,NULL,NULL,NULL,'2025-11-28 02:35:34','2025-11-28 02:35:34');
INSERT INTO inspection_lines VALUES(505,76,'002455',1.0,1.0,0.0,NULL,NULL,NULL,NULL,NULL,'2025-11-28 02:35:34','2025-11-28 02:35:34');
INSERT INTO inspection_lines VALUES(506,76,'002460',1.0,1.0,0.0,NULL,NULL,NULL,NULL,NULL,'2025-11-28 02:35:34','2025-11-28 02:35:34');
INSERT INTO inspection_lines VALUES(507,76,'002501',1.0,1.0,0.0,NULL,NULL,NULL,NULL,NULL,'2025-11-28 02:35:34','2025-11-28 02:35:34');
INSERT INTO inspection_lines VALUES(508,76,'002590',1.0,1.0,0.0,NULL,NULL,NULL,NULL,NULL,'2025-11-28 02:35:34','2025-11-28 02:35:34');
INSERT INTO inspection_lines VALUES(509,76,'002625',1.0,1.0,0.0,NULL,NULL,NULL,NULL,NULL,'2025-11-28 02:35:34','2025-11-28 02:35:34');
INSERT INTO inspection_lines VALUES(510,76,'002654',1.0,1.0,0.0,NULL,NULL,NULL,NULL,NULL,'2025-11-28 02:35:34','2025-11-28 02:35:34');
INSERT INTO inspection_lines VALUES(511,76,'002677',1.0,1.0,0.0,NULL,NULL,NULL,NULL,NULL,'2025-11-28 02:35:34','2025-11-28 02:35:34');
INSERT INTO inspection_lines VALUES(512,76,'002703',1.0,1.0,0.0,NULL,NULL,NULL,NULL,NULL,'2025-11-28 02:35:34','2025-11-28 02:35:34');
INSERT INTO inspection_lines VALUES(513,76,'002711',1.0,1.0,0.0,NULL,NULL,NULL,NULL,NULL,'2025-11-28 02:35:34','2025-11-28 02:35:34');
INSERT INTO inspection_lines VALUES(514,76,'003050',1.0,1.0,0.0,NULL,NULL,NULL,NULL,NULL,'2025-11-28 02:35:34','2025-11-28 02:35:34');
INSERT INTO inspection_lines VALUES(515,76,'004044',1.0,1.0,0.0,NULL,NULL,NULL,NULL,NULL,'2025-11-28 02:35:34','2025-11-28 02:35:34');
INSERT INTO inspection_lines VALUES(516,76,'016035',1.0,1.0,0.0,NULL,NULL,NULL,NULL,NULL,'2025-11-28 02:35:34','2025-11-28 02:35:34');
INSERT INTO inspection_lines VALUES(517,76,'016048',1.0,1.0,0.0,NULL,NULL,NULL,NULL,NULL,'2025-11-28 02:35:34','2025-11-28 02:35:34');
INSERT INTO inspection_lines VALUES(518,76,'020018',1.0,1.0,0.0,NULL,NULL,NULL,NULL,NULL,'2025-11-28 02:35:34','2025-11-28 02:35:34');
INSERT INTO inspection_lines VALUES(519,76,'020084',1.0,1.0,0.0,NULL,NULL,NULL,NULL,NULL,'2025-11-28 02:35:34','2025-11-28 02:35:34');
INSERT INTO inspection_lines VALUES(520,76,'020090',1.0,1.0,0.0,NULL,NULL,NULL,NULL,NULL,'2025-11-28 02:35:34','2025-11-28 02:35:34');
INSERT INTO inspection_lines VALUES(521,76,'020187',1.0,1.0,0.0,NULL,NULL,NULL,NULL,NULL,'2025-11-28 02:35:34','2025-11-28 02:35:34');
INSERT INTO inspection_lines VALUES(522,76,'020207',1.0,1.0,0.0,NULL,NULL,NULL,NULL,NULL,'2025-11-28 02:35:34','2025-11-28 02:35:34');
INSERT INTO inspection_lines VALUES(523,76,'020301',1.0,1.0,0.0,NULL,NULL,NULL,NULL,NULL,'2025-11-28 02:35:34','2025-11-28 02:35:34');
INSERT INTO inspection_lines VALUES(524,76,'020302',1.0,1.0,0.0,NULL,NULL,NULL,NULL,NULL,'2025-11-28 02:35:34','2025-11-28 02:35:34');
INSERT INTO inspection_lines VALUES(525,76,'020332',1.0,1.0,0.0,NULL,NULL,NULL,NULL,NULL,'2025-11-28 02:35:34','2025-11-28 02:35:34');
INSERT INTO inspection_lines VALUES(526,76,'020345',1.0,1.0,0.0,NULL,NULL,NULL,NULL,NULL,'2025-11-28 02:35:34','2025-11-28 02:35:34');
INSERT INTO inspection_lines VALUES(527,76,'020355',1.0,1.0,0.0,NULL,NULL,NULL,NULL,NULL,'2025-11-28 02:35:34','2025-11-28 02:35:34');
INSERT INTO inspection_lines VALUES(528,76,'020382',1.0,1.0,0.0,NULL,NULL,NULL,NULL,NULL,'2025-11-28 02:35:34','2025-11-28 02:35:34');
CREATE TABLE inspections (
  id           INTEGER PRIMARY KEY AUTOINCREMENT,
  shipment_id  INTEGER NOT NULL UNIQUE,   -- 対象となる出荷伝票
  owner_id     CHAR(4) NOT NULL,          -- 検品主体（当面は店舗ID＝destination_id）
  delivery_date TEXT,                     -- 納品日 YYYY-MM-DD
  status       TEXT NOT NULL DEFAULT 'open',  -- open / completed / audited など今後拡張
  created_at   TEXT NOT NULL DEFAULT (datetime('now','localtime')),
  updated_at   TEXT NOT NULL DEFAULT (datetime('now','localtime')),
  FOREIGN KEY (shipment_id) REFERENCES shipments(id)
);
INSERT INTO inspections VALUES(1,1,'0002','2025-11-06','completed','2025-11-21 17:25:13','2025-11-22 08:18:42');
INSERT INTO inspections VALUES(2,3,'0002','2025-11-01','completed','2025-11-21 17:25:13','2025-11-22 08:18:42');
INSERT INTO inspections VALUES(3,5,'0002','2025-11-03','completed','2025-11-21 17:25:13','2025-11-22 08:18:42');
INSERT INTO inspections VALUES(4,6,'0002','2025-11-05','completed','2025-11-21 17:25:13','2025-11-22 08:18:42');
INSERT INTO inspections VALUES(5,8,'0002','2025-11-05','completed','2025-11-21 17:25:13','2025-11-22 08:18:42');
INSERT INTO inspections VALUES(6,10,'0002','2025-11-01','completed','2025-11-21 17:25:13','2025-11-22 08:18:42');
INSERT INTO inspections VALUES(7,11,'0002','2025-11-06','completed','2025-11-21 17:25:13','2025-11-22 08:18:42');
INSERT INTO inspections VALUES(8,15,'0002','2025-11-03','completed','2025-11-21 17:25:13','2025-11-22 08:18:42');
INSERT INTO inspections VALUES(9,16,'0002','2025-11-05','completed','2025-11-21 17:25:13','2025-11-22 08:18:42');
INSERT INTO inspections VALUES(10,199,'0002','2025-11-10','completed','2025-11-21 17:25:13','2025-11-22 08:18:42');
INSERT INTO inspections VALUES(11,211,'0002','2025-11-10','completed','2025-11-21 17:25:13','2025-11-22 08:18:42');
INSERT INTO inspections VALUES(12,258,'0002','2025-11-15','completed','2025-11-21 17:25:13','2025-11-22 08:18:42');
INSERT INTO inspections VALUES(13,274,'0002','2025-11-12','completed','2025-11-21 17:25:13','2025-11-22 08:18:42');
INSERT INTO inspections VALUES(14,275,'0002','2025-11-12','completed','2025-11-21 17:25:13','2025-11-22 08:18:42');
INSERT INTO inspections VALUES(15,276,'0002','2025-11-13','completed','2025-11-21 17:25:13','2025-11-22 08:18:42');
INSERT INTO inspections VALUES(16,277,'0002','2025-11-12','completed','2025-11-21 17:25:13','2025-11-22 08:18:42');
INSERT INTO inspections VALUES(17,287,'0002','2025-11-17','completed','2025-11-21 17:25:13','2025-11-22 08:18:42');
INSERT INTO inspections VALUES(18,288,'0002','2025-11-17','completed','2025-11-21 17:25:13','2025-11-22 08:18:42');
INSERT INTO inspections VALUES(19,347,'0002','2025-11-19','completed','2025-11-21 17:25:13','2025-11-22 08:18:42');
INSERT INTO inspections VALUES(20,351,'0002','2025-11-19','completed','2025-11-21 17:25:13','2025-11-22 08:18:42');
INSERT INTO inspections VALUES(21,352,'0002','2025-11-19','completed','2025-11-21 17:25:13','2025-11-26 18:24:34');
INSERT INTO inspections VALUES(22,353,'0002','2025-11-20','completed','2025-11-21 17:25:13','2025-11-22 08:18:42');
INSERT INTO inspections VALUES(23,354,'0002','2025-11-19','completed','2025-11-21 17:25:13','2025-11-22 08:18:42');
INSERT INTO inspections VALUES(24,360,'0002','2025-11-21','audited','2025-11-21 17:25:13','2025-12-03 09:14:30');
INSERT INTO inspections VALUES(25,364,'0002','2025-11-21','completed','2025-11-21 17:25:13','2025-11-22 08:18:42');
INSERT INTO inspections VALUES(26,365,'0002','2025-11-21','completed','2025-11-21 17:25:13','2025-11-22 08:18:42');
INSERT INTO inspections VALUES(27,366,'0002','2025-11-21','completed','2025-11-21 17:25:13','2025-11-22 08:18:42');
INSERT INTO inspections VALUES(28,12,'0003','2025-11-06','completed','2025-11-21 17:25:13','2025-12-07 03:16:55');
INSERT INTO inspections VALUES(29,17,'0003','2025-11-05','completed','2025-11-21 17:25:13','2025-12-07 03:16:55');
INSERT INTO inspections VALUES(30,213,'0003','2025-11-10','completed','2025-11-21 17:25:13','2025-12-07 03:16:55');
INSERT INTO inspections VALUES(31,259,'0003','2025-11-15','completed','2025-11-21 17:25:13','2025-12-07 08:18:51');
INSERT INTO inspections VALUES(32,278,'0003','2025-11-13','completed','2025-11-21 17:25:13','2025-12-07 08:18:51');
INSERT INTO inspections VALUES(33,279,'0003','2025-11-12','completed','2025-11-21 17:25:13','2025-12-07 08:18:51');
INSERT INTO inspections VALUES(34,286,'0003','2025-11-17','open','2025-11-21 17:25:13','2025-11-21 17:25:13');
INSERT INTO inspections VALUES(35,345,'0003','2025-11-19','open','2025-11-21 17:25:13','2025-11-21 17:25:13');
INSERT INTO inspections VALUES(36,355,'0003','2025-11-20','open','2025-11-21 17:25:13','2025-11-21 17:25:13');
INSERT INTO inspections VALUES(37,356,'0003','2025-11-19','open','2025-11-21 17:25:13','2025-11-21 17:25:13');
INSERT INTO inspections VALUES(38,357,'0003','2025-11-20','open','2025-11-21 17:25:13','2025-11-21 17:25:13');
INSERT INTO inspections VALUES(39,359,'0003','2025-11-21','open','2025-11-21 17:25:13','2025-11-21 17:25:13');
INSERT INTO inspections VALUES(40,367,'0003','2025-11-21','open','2025-11-21 17:25:13','2025-11-21 17:25:13');
INSERT INTO inspections VALUES(41,2,'0004','2025-11-06','completed','2025-11-21 17:25:13','2025-12-07 08:26:55');
INSERT INTO inspections VALUES(42,7,'0004','2025-11-05','completed','2025-11-21 17:25:13','2025-12-07 08:26:55');
INSERT INTO inspections VALUES(43,9,'0004','2025-11-05','completed','2025-11-21 17:25:13','2025-12-07 08:26:55');
INSERT INTO inspections VALUES(44,13,'0004','2025-11-06','completed','2025-11-21 17:25:13','2025-12-07 08:26:55');
INSERT INTO inspections VALUES(45,18,'0004','2025-11-05','completed','2025-11-21 17:25:13','2025-12-07 08:26:55');
INSERT INTO inspections VALUES(46,201,'0004','2025-11-10','completed','2025-11-21 17:25:13','2025-12-07 08:26:55');
INSERT INTO inspections VALUES(47,215,'0004','2025-11-10','completed','2025-11-21 17:25:13','2025-12-07 08:26:55');
INSERT INTO inspections VALUES(48,280,'0004','2025-11-12','completed','2025-11-21 17:25:13','2025-12-07 08:26:55');
INSERT INTO inspections VALUES(49,281,'0004','2025-11-12','completed','2025-11-21 17:25:13','2025-12-07 08:26:55');
INSERT INTO inspections VALUES(50,282,'0004','2025-11-13','completed','2025-11-21 17:25:13','2025-12-07 08:26:55');
INSERT INTO inspections VALUES(51,283,'0004','2025-11-12','completed','2025-11-21 17:25:13','2025-12-07 08:26:55');
INSERT INTO inspections VALUES(52,284,'0004','2025-11-17','completed','2025-11-21 17:25:13','2025-12-09 03:06:52');
INSERT INTO inspections VALUES(53,285,'0004','2025-11-17','completed','2025-11-21 17:25:13','2025-12-09 03:06:52');
INSERT INTO inspections VALUES(54,289,'0004','2025-11-17','completed','2025-11-21 17:25:13','2025-12-09 03:06:52');
INSERT INTO inspections VALUES(55,290,'0004','2025-11-17','completed','2025-11-21 17:25:13','2025-12-09 03:06:52');
INSERT INTO inspections VALUES(56,346,'0004','2025-11-19','completed','2025-11-21 17:25:13','2025-12-09 03:06:52');
INSERT INTO inspections VALUES(57,348,'0004','2025-11-20','completed','2025-11-21 17:25:13','2025-12-09 03:06:52');
INSERT INTO inspections VALUES(58,349,'0004','2025-11-20','completed','2025-11-21 17:25:13','2025-12-09 03:06:52');
INSERT INTO inspections VALUES(59,350,'0004','2025-11-19','completed','2025-11-21 17:25:13','2025-12-09 03:06:52');
INSERT INTO inspections VALUES(60,358,'0004','2025-11-21','completed','2025-11-21 17:25:13','2025-12-09 03:06:52');
INSERT INTO inspections VALUES(61,361,'0004','2025-11-21','completed','2025-11-21 17:25:13','2025-12-09 03:06:52');
INSERT INTO inspections VALUES(62,362,'0004','2025-11-21','completed','2025-11-21 17:25:13','2025-12-09 03:06:52');
INSERT INTO inspections VALUES(63,363,'0004','2025-11-21','completed','2025-11-21 17:25:13','2025-12-09 03:06:52');
INSERT INTO inspections VALUES(64,370,'0004','2025-11-19','completed','2025-11-26 18:24:18','2025-12-09 03:06:52');
INSERT INTO inspections VALUES(65,368,'0003','2025-11-18','open','2025-11-27 02:12:10','2025-11-27 02:12:10');
INSERT INTO inspections VALUES(66,369,'0003','2025-11-18','open','2025-11-27 02:12:10','2025-11-27 02:12:10');
INSERT INTO inspections VALUES(67,375,'0002','2025-11-28','audited','2025-11-28 02:35:34','2025-12-03 05:50:15');
INSERT INTO inspections VALUES(68,377,'0002','2025-11-28','audited','2025-11-28 02:35:34','2025-12-03 05:50:15');
INSERT INTO inspections VALUES(69,378,'0002','2025-11-28','completed','2025-11-28 02:35:34','2025-12-03 09:01:11');
INSERT INTO inspections VALUES(70,379,'0002','2025-11-28','completed','2025-11-28 02:35:34','2025-12-03 09:01:11');
INSERT INTO inspections VALUES(71,373,'0003','2025-11-28','audited','2025-11-28 02:35:34','2025-12-03 09:03:53');
INSERT INTO inspections VALUES(72,376,'0003','2025-11-28','completed','2025-11-28 02:35:34','2025-12-03 09:02:47');
INSERT INTO inspections VALUES(73,374,'0004','2025-11-28','audited','2025-11-28 02:35:34','2025-12-03 09:03:53');
INSERT INTO inspections VALUES(74,380,'0004','2025-11-28','audited','2025-11-28 02:35:34','2025-12-03 09:24:06');
INSERT INTO inspections VALUES(75,381,'0004','2025-11-28','completed','2025-11-28 02:35:34','2025-12-03 09:03:07');
INSERT INTO inspections VALUES(76,382,'0004','2025-11-28','completed','2025-11-28 02:35:34','2025-12-03 09:03:07');
CREATE TABLE store_shipments (
  id               INTEGER PRIMARY KEY AUTOINCREMENT,
  shipment_no      TEXT,            -- 将来のための伝票番号（"STS-000001" など）
  from_store_id    CHAR(4) NOT NULL, -- 出荷元店舗
  to_store_id      CHAR(4),          -- 店間移動なら相手店舗、廃棄なら NULL
  movement_type    TEXT NOT NULL,    -- 'TRANSFER' | 'DISPOSAL'
  shipment_date    TEXT NOT NULL,    -- 営業日付ベース "YYYY-MM-DD"
  status           TEXT NOT NULL,    -- 'draft' | 'confirmed'
  memo             TEXT,
  created_at       TEXT NOT NULL,
  created_by       TEXT,
  updated_at       TEXT NOT NULL,
  updated_by       TEXT
);
INSERT INTO store_shipments VALUES(1,NULL,'0002','0003','TRANSFER','2025-12-06','draft',NULL,'2025-12-06 15:14:20',NULL,'2025-12-06 15:14:20',NULL);
CREATE TABLE store_shipment_lines (
  id             INTEGER PRIMARY KEY AUTOINCREMENT,
  header_id      INTEGER NOT NULL REFERENCES store_shipments(id) ON DELETE CASCADE,
  line_no        INTEGER NOT NULL,
  item_id        CHAR(6) NOT NULL,
  qty            REAL NOT NULL,
  unit           TEXT,
  memo           TEXT
);
INSERT INTO store_shipment_lines VALUES(1,1,1,'001001',1.0,NULL,NULL);
CREATE TABLE audit_logs (
  id               TEXT PRIMARY KEY,   -- UUID（フロント生成）
  at               TEXT NOT NULL,      -- ISO文字列
  actor            TEXT NOT NULL,      -- 実行ユーザー
  type             TEXT NOT NULL,      -- shipment.confirm 等
  header_id        TEXT,
  owner_id         TEXT,
  vendor_id        TEXT,
  destination_id   TEXT,
  destination_name TEXT,
  delivery_date    TEXT,
  memo             TEXT
);
INSERT INTO audit_logs VALUES('a07d593b-a9ee-4e83-8164-b2e2db6c2712','2025-12-06T23:18:51.763Z','user','inspection.confirm','31','0003','600502','0003','伊勢佐木町店','2025-11-15','検収確定');
INSERT INTO audit_logs VALUES('a63a1f58-89bb-4e7c-b71b-96f34847d940','2025-12-06T23:18:51.764Z','user','inspection.confirm','32','0003','700004','0003','伊勢佐木町店','2025-11-13','検収確定');
INSERT INTO audit_logs VALUES('683218ee-a490-4912-9ac6-50565d30a865','2025-12-06T23:18:51.764Z','user','inspection.confirm','33','0003','888888','0003','伊勢佐木町店','2025-11-12','検収確定');
INSERT INTO audit_logs VALUES('56174804-9e1a-4fb5-aa3c-263ab6525bfc','2025-12-06T23:26:55.400Z','user','inspection.confirm','50','0004','700021','0004','新横浜店','2025-11-13','検収確定');
INSERT INTO audit_logs VALUES('7cc1d454-b865-4de3-8554-7c1d21b3cb87','2025-12-06T23:26:55.401Z','user','inspection.confirm','48','0004','600502','0004','新横浜店','2025-11-12','検収確定');
INSERT INTO audit_logs VALUES('f48be05b-09d5-4eee-9930-b033036eeecb','2025-12-06T23:26:55.401Z','user','inspection.confirm','49','0004','600510','0004','新横浜店','2025-11-12','検収確定');
INSERT INTO audit_logs VALUES('d1198e3a-371a-4768-8f41-feae9ab4308c','2025-12-06T23:26:55.402Z','user','inspection.confirm','47','0004','888888','0004',NULL,'2025-11-10','検収確定');
INSERT INTO audit_logs VALUES('b2d24f1b-fbd4-4632-92b3-8a21f2105b4c','2025-12-06T23:26:55.401Z','user','inspection.confirm','46','0004','600502','0004',NULL,'2025-11-10','検収確定');
INSERT INTO audit_logs VALUES('fdb5d358-271b-40d3-9e28-d95e1f8c65e1','2025-12-06T23:26:55.401Z','user','inspection.confirm','51','0004','888888','0004','新横浜店','2025-11-12','検収確定');
INSERT INTO audit_logs VALUES('6da479fe-035c-4d6d-aba5-37d8d8c42ae7','2025-12-06T23:26:55.402Z','user','inspection.confirm','41','0004','600502','0004','新横浜店','2025-11-06','検収確定');
INSERT INTO audit_logs VALUES('4bcdbdcb-1e50-42d6-a918-74236a3559ef','2025-12-06T23:26:55.402Z','user','inspection.confirm','44','0004','700021','0004',NULL,'2025-11-06','検収確定');
INSERT INTO audit_logs VALUES('2e10f050-1f5f-4515-bc22-1ba082c8af75','2025-12-06T23:26:55.403Z','user','inspection.confirm','42','0004','600502','0004','新横浜店','2025-11-05','検収確定');
INSERT INTO audit_logs VALUES('a2ce7072-e094-443c-aaf5-06eb7992f470','2025-12-06T23:26:55.403Z','user','inspection.confirm','43','0004','600510','0004',NULL,'2025-11-05','検収確定');
INSERT INTO audit_logs VALUES('e72bc865-0c69-4eb0-8d4e-208fc9fb63c8','2025-12-06T23:26:55.404Z','user','inspection.confirm','45','0004','888888','0004',NULL,'2025-11-05','検収確定');
INSERT INTO audit_logs VALUES('737002b0-7480-4a18-a65b-bb7dab73131c','2025-12-08T18:06:52.823Z','user','inspection.confirm','61','0004','600502','0004','新横浜店','2025-11-21','検収確定');
INSERT INTO audit_logs VALUES('308cefe4-a3a0-49d3-8988-6252ce971fd2','2025-12-08T18:06:52.823Z','user','inspection.confirm','62','0004','600510','0004','新横浜店','2025-11-21','検収確定');
INSERT INTO audit_logs VALUES('3467165a-2291-4d62-ba33-9c446c4872b0','2025-12-08T18:06:52.822Z','user','inspection.confirm','60','0004','100011','0004','新横浜店','2025-11-21','検収確定');
INSERT INTO audit_logs VALUES('13c857e7-756e-4ccb-b872-26279b6ed6e4','2025-12-08T18:06:52.824Z','user','inspection.confirm','57','0004','600502','0004','新横浜店','2025-11-20','検収確定');
INSERT INTO audit_logs VALUES('efa088c8-851b-494a-8f14-acbb470fc9b8','2025-12-08T18:06:52.824Z','user','inspection.confirm','63','0004','888888','0004','新横浜店','2025-11-21','検収確定');
INSERT INTO audit_logs VALUES('d5da6f8c-83d6-4668-9502-83bc66fa035d','2025-12-08T18:06:52.825Z','user','inspection.confirm','58','0004','700021','0004','新横浜店','2025-11-20','検収確定');
INSERT INTO audit_logs VALUES('22211d81-c36c-4d5a-8992-24cb245cfeb9','2025-12-08T18:06:52.825Z','user','inspection.confirm','56','0004','100011','0004','新横浜店','2025-11-19','検収確定');
INSERT INTO audit_logs VALUES('0f8ff806-bfb4-46a7-a6ff-7c74c46e3b60','2025-12-08T18:06:52.825Z','user','inspection.confirm','64','0004','600502','0004','新横浜店','2025-11-19','検収確定');
INSERT INTO audit_logs VALUES('17322545-8329-44ca-a350-e4fe041fad3e','2025-12-08T18:06:52.826Z','user','inspection.confirm','59','0004','888888','0004','新横浜店','2025-11-19','検収確定');
INSERT INTO audit_logs VALUES('8d75bc16-8946-4522-8e2d-69b3e6dcbd38','2025-12-08T18:06:52.826Z','user','inspection.confirm','52','0004','100011','0004','新横浜店','2025-11-17','検収確定');
INSERT INTO audit_logs VALUES('f85ed26a-74b6-48aa-b695-d81dfe2201f7','2025-12-08T18:06:52.827Z','user','inspection.confirm','54','0004','600502','0004','新横浜店','2025-11-17','検収確定');
INSERT INTO audit_logs VALUES('257d86f6-2bb0-45da-874a-12ad78fb458c','2025-12-08T18:06:52.827Z','user','inspection.confirm','53','0004','700021','0004','新横浜店','2025-11-17','検収確定');
INSERT INTO audit_logs VALUES('252bb0a6-e303-4202-acca-ff6887756599','2025-12-08T18:06:52.828Z','user','inspection.confirm','55','0004','888888','0004','新横浜店','2025-11-17','検収確定');
CREATE TABLE store_stock_movements (
  id             INTEGER PRIMARY KEY AUTOINCREMENT,
  store_id       CHAR(4) NOT NULL,   -- 店舗ID（検品の owner_id / destination_id と対応）
  item_id        CHAR(6) NOT NULL,   -- 品目ID
  movement_date  TEXT NOT NULL,      -- "YYYY-MM-DD"（営業日ベース）
  movement_type  TEXT NOT NULL,      -- 'RECEIPT' | 'SHIPMENT' | 'ADJUSTMENT' | 'COUNT'
  qty            REAL NOT NULL,      -- 増減数量（受入なら＋、出荷なら− でもOKだが、まずは正数＋種別で運用でも可）
  ref_type       TEXT,               -- 'inspection' | 'store_shipment' | 'stock_count' など
  ref_id         INTEGER,            -- 紐づく inspections.id / store_shipments.id など
  memo           TEXT,
  created_at     TEXT NOT NULL,
  created_by     TEXT,
  updated_at     TEXT NOT NULL,
  updated_by     TEXT
);
INSERT INTO sqlite_sequence VALUES('item_prices',63);
INSERT INTO sqlite_sequence VALUES('vendor_items',59);
INSERT INTO sqlite_sequence VALUES('store_vendor_items',159);
INSERT INTO sqlite_sequence VALUES('order_lines',1094);
INSERT INTO sqlite_sequence VALUES('shipments',417);
INSERT INTO sqlite_sequence VALUES('shipment_lines',5291);
INSERT INTO sqlite_sequence VALUES('inspection_lines',528);
INSERT INTO sqlite_sequence VALUES('inspections',76);
INSERT INTO sqlite_sequence VALUES('store_shipments',1);
INSERT INTO sqlite_sequence VALUES('store_shipment_lines',1);
CREATE VIEW v_shipments AS
SELECT
  s.id,
  s.delivery_date,
  s.status,
  s.vendor_id,
  v.name  AS vendor_name,
  s.destination_id,
  COALESCE(s.destination_name, st.name) AS destination_name,
  s.created_at,
  s.updated_at
FROM shipments s
LEFT JOIN vendors v ON v.id = s.vendor_id
LEFT JOIN stores  st ON st.id = s.destination_id;
CREATE VIEW v_shipment_lines AS
SELECT
  sl.*,
  i.name AS item_name
FROM shipment_lines sl
LEFT JOIN items i ON i.id = sl.item_id;
CREATE TRIGGER trg_items_id_len
BEFORE INSERT ON items
FOR EACH ROW
WHEN length(NEW.id) <> 6 OR NEW.id GLOB '*[^0-9]*'
BEGIN
  SELECT RAISE(ABORT, 'items.id must be 6-digit numeric');
END;
CREATE TRIGGER trg_vendors_id_len
BEFORE INSERT ON vendors
FOR EACH ROW
WHEN length(NEW.id) <> 6 OR NEW.id GLOB '*[^0-9]*'
BEGIN
  SELECT RAISE(ABORT, 'vendors.id must be 6-digit numeric');
END;
CREATE TRIGGER trg_stores_id_len
BEFORE INSERT ON stores
FOR EACH ROW
WHEN length(NEW.id) <> 4 OR NEW.id GLOB '*[^0-9]*'
BEGIN
  SELECT RAISE(ABORT, 'stores.id must be 4-digit numeric');
END;
CREATE TRIGGER trg_shipment_lines_amount_ai
AFTER INSERT ON shipment_lines
BEGIN
  UPDATE shipment_lines
     SET amount = COALESCE(ship_qty,0) * COALESCE(unit_price,0)
   WHERE id = NEW.id;
END;
CREATE TRIGGER trg_shipment_lines_amount_au
AFTER UPDATE OF ship_qty, unit_price ON shipment_lines
BEGIN
  UPDATE shipment_lines
     SET amount = COALESCE(ship_qty,0) * COALESCE(unit_price,0)
   WHERE id = NEW.id;
END;
CREATE UNIQUE INDEX ux_orders_business
ON orders(store_id, vendor_mode, vendor_id, order_date);
CREATE INDEX ix_vendor_items_range
  ON vendor_items (vendor_id, item_id, valid_from, COALESCE(valid_to,'9999-12-31'));
CREATE INDEX ix_store_vendor_items_range
  ON store_vendor_items (store_id, vendor_id, item_id, valid_from, COALESCE(valid_to,'9999-12-31'));
CREATE UNIQUE INDEX ux_shipments_vendor_dest_date
  ON shipments (vendor_id, destination_id, delivery_date);
CREATE UNIQUE INDEX ux_shipment_lines_header_item
  ON shipment_lines (shipment_id, item_id);
CREATE INDEX idx_audit_logs_at
  ON audit_logs(at);
CREATE INDEX idx_audit_logs_header_id
  ON audit_logs(header_id);
CREATE INDEX idx_audit_logs_vendor
  ON audit_logs(vendor_id);
CREATE INDEX idx_audit_logs_destination
  ON audit_logs(destination_id);
CREATE INDEX idx_store_stock_movements_store_item_date
  ON store_stock_movements (store_id, item_id, movement_date);
CREATE INDEX idx_store_stock_movements_ref
  ON store_stock_movements (ref_type, ref_id);
COMMIT;
